id,date,store_nbr,item_nbr,unit_sales,onpromotion,class,outlier_flag,holiday_flag,expanding_mean,rolling_std_7,rolling_mean_7,dcoilwtico
16324284,2014-01-01,36,1158720,28.0,0.0,1040,0,1,28.0,,,
16353829,2014-01-02,24,1158720,20.0,0.0,1040,0,0,24.0,,,95.14
16357818,2014-01-02,27,1158720,7.0,0.0,1040,0,0,18.33333333333333,,,95.14
16359202,2014-01-02,28,1158720,224.0,0.0,1040,0,0,69.75,,,95.14
16360295,2014-01-02,30,1158720,35.0,0.0,1040,0,0,62.8,,,95.14
16362450,2014-01-02,32,1158720,19.0,0.0,1040,0,0,55.5,,,95.14
16364662,2014-01-02,34,1158720,124.0,0.0,1040,0,0,65.28571428571429,80.14094726524904,65.28571428571429,95.14
16365647,2014-01-02,35,1158720,49.0,0.0,1040,0,0,63.25,78.89595318247589,68.28571428571429,95.14
16366842,2014-01-02,36,1158720,93.0,0.0,1040,0,0,66.55555555555556,76.22929070839346,78.71428571428571,95.14
16419963,2014-01-03,24,1158720,7.0,0.0,1040,0,0,60.6,76.22929070839346,78.71428571428571,93.66
16422576,2014-01-03,26,1158720,10.0,0.0,1040,0,0,56.0,44.60354459542639,48.142857142857146,93.66
16423871,2014-01-03,27,1158720,7.0,0.0,1040,0,0,51.91666666666666,47.16081908897319,44.142857142857146,93.66
16425163,2014-01-03,28,1158720,9.0,0.0,1040,0,0,48.61538461538461,48.18960567630842,42.71428571428572,93.66
16426147,2014-01-03,30,1158720,5.0,0.0,1040,0,0,45.5,33.479915798949726,25.714285714285715,93.66
16428249,2014-01-03,32,1158720,12.0,0.0,1040,0,0,43.266666666666666,32.08248298192825,20.428571428571427,93.66
16430417,2014-01-03,34,1158720,82.0,0.0,1040,0,0,45.6875,27.937003963850387,18.857142857142858,93.66
16431386,2014-01-03,35,1158720,49.0,0.0,1040,0,0,45.88235294117647,29.43596763274807,24.857142857142858,93.66
16432502,2014-01-03,36,1158720,68.0,0.0,1040,0,0,47.11111111111112,32.55471584593429,33.142857142857146,93.66
16486653,2014-01-04,24,1158720,13.0,0.0,1040,0,0,45.31578947368421,31.822423959633685,34.0,93.66
16489313,2014-01-04,26,1158720,17.0,0.0,1040,0,0,43.9,30.905385568584293,35.142857142857146,93.66
16490704,2014-01-04,27,1158720,9.0,0.0,1040,0,0,42.23809523809524,30.2859389030305,35.714285714285715,93.66
16492223,2014-01-04,28,1158720,30.0,0.0,1040,0,0,41.68181818181818,28.65725205315569,38.285714285714285,93.66
16493346,2014-01-04,30,1158720,42.0,0.0,1040,0,0,41.69565217391305,21.609080983521302,32.57142857142857,93.66
16495603,2014-01-04,32,1158720,40.0,0.0,1040,0,0,41.625,20.71806205314813,31.285714285714285,93.66
16497919,2014-01-04,34,1158720,136.0,0.0,1040,0,0,45.4,43.84062043356596,41.0,93.66
16498937,2014-01-04,35,1158720,41.0,0.0,1040,0,0,45.23076923076923,42.10304818735417,45.0,93.66
16500097,2014-01-04,36,1158720,51.0,0.0,1040,0,0,45.44444444444444,40.25513868410083,49.85714285714285,93.66
16554689,2014-01-05,24,1158720,15.0,0.0,1040,0,0,44.35714285714285,39.292553517234815,50.71428571428572,93.66
16557225,2014-01-05,26,1158720,13.0,0.0,1040,0,0,43.27586206896552,41.26222762492869,48.285714285714285,93.66
16558700,2014-01-05,27,1158720,6.0,0.0,1040,0,0,42.03333333333333,44.30736797805595,43.142857142857146,93.66
16560279,2014-01-05,28,1158720,381.0,0.0,1040,0,0,52.96774193548387,134.9721311622373,91.85714285714286,93.66
16561395,2014-01-05,30,1158720,14.0,0.0,1040,0,0,51.75,136.1933149887286,74.42857142857143,93.66
16563623,2014-01-05,32,1158720,20.0,0.0,1040,0,0,50.78787878787879,137.27934676279256,71.42857142857143,93.66
16565908,2014-01-05,34,1158720,22.0,0.0,1040,0,0,49.94117647058823,138.43134794994268,67.28571428571429,93.66
16566872,2014-01-05,35,1158720,73.0,0.0,1040,0,0,50.6,136.5025727997549,75.57142857142857,93.66
16568026,2014-01-05,36,1158720,104.0,0.0,1040,0,0,52.083333333333336,133.85795598675628,88.57142857142857,93.66
16591522,2014-01-05,51,1158720,4.0,0.0,1040,0,0,50.78378378378378,134.06554899962717,88.28571428571429,93.66
16620426,2014-01-06,24,1158720,13.0,0.0,1040,0,0,49.78947368421053,37.59749231759252,35.714285714285715,93.12
16622772,2014-01-06,26,1158720,5.0,0.0,1040,0,0,48.64102564102564,38.60421886641036,34.42857142857143,93.12
16624010,2014-01-06,27,1158720,8.0,0.0,1040,0,0,47.625,39.60519446450716,32.714285714285715,93.12
16625343,2014-01-06,28,1158720,422.0,0.0,1040,0,0,56.75609756097561,151.64808886742642,89.85714285714286,93.12
16626335,2014-01-06,30,1158720,17.0,0.0,1040,0,0,55.80952380952381,154.14217308643836,81.85714285714286,93.12
16628349,2014-01-06,32,1158720,24.0,0.0,1040,0,0,55.06976744186046,155.1889784991803,70.42857142857143,93.12
16630495,2014-01-06,34,1158720,121.0,0.0,1040,0,0,56.56818181818182,153.12895281584142,87.14285714285714,93.12
16631427,2014-01-06,35,1158720,32.0,0.0,1040,0,0,56.02222222222223,151.7579526432674,89.85714285714286,93.12
16632516,2014-01-06,36,1158720,57.0,0.0,1040,0,0,56.04347826086956,148.14150249644683,97.28571428571428,93.12
16654377,2014-01-06,51,1158720,1.0,0.0,1040,0,0,54.87234042553192,148.86651099303057,96.28571428571428,93.12
16683311,2014-01-07,24,1158720,6.0,0.0,1040,0,0,53.85416666666666,41.44646575776424,36.85714285714285,93.31
16686867,2014-01-07,27,1158720,12.0,0.0,1040,0,0,53.0,41.88646786822912,36.142857142857146,93.31
16688211,2014-01-07,28,1158720,118.0,0.0,1040,0,0,54.3,51.34477299867742,49.57142857142857,93.31
16689264,2014-01-07,30,1158720,12.0,0.0,1040,0,0,53.47058823529412,41.69332480545697,34.0,93.31
16691353,2014-01-07,32,1158720,12.0,0.0,1040,0,0,52.67307692307692,42.53010138489589,31.142857142857142,93.31
16693502,2014-01-07,34,1158720,79.0,0.0,1040,0,0,53.16981132075472,45.47055562197836,34.285714285714285,93.31
16694393,2014-01-07,35,1158720,81.0,0.0,1040,0,0,53.68518518518518,45.76284623182976,45.71428571428572,93.31
16695481,2014-01-07,36,1158720,44.0,0.0,1040,0,0,53.50909090909091,42.39665305747838,51.142857142857146,93.31
16746344,2014-01-08,24,1158720,6.0,0.0,1040,0,0,52.660714285714285,43.36939891103821,50.285714285714285,91.9
16748769,2014-01-08,26,1158720,15.0,0.0,1040,0,0,52.0,32.73559297796585,35.57142857142857,91.9
16750040,2014-01-08,27,1158720,17.0,0.0,1040,0,0,51.39655172413793,32.18547439303577,36.285714285714285,91.9
16751403,2014-01-08,28,1158720,129.0,0.0,1040,0,0,52.71186440677966,45.21430452117265,53.0,91.9
16752390,2014-01-08,30,1158720,7.0,0.0,1040,0,0,51.95,46.48553282371583,42.71428571428572,91.9
16754326,2014-01-08,32,1158720,12.0,0.0,1040,0,0,51.29508196721312,44.27726493897506,32.857142857142854,91.9
16756463,2014-01-08,34,1158720,62.0,0.0,1040,0,0,51.46774193548387,45.53700745129226,35.42857142857143,91.9
16757262,2014-01-08,35,1158720,55.0,0.0,1040,0,0,51.523809523809526,43.99945887113137,42.42857142857143,91.9
16758248,2014-01-08,36,1158720,28.0,0.0,1040,0,0,51.15625,42.90965037422346,44.285714285714285,91.9
16780371,2014-01-08,51,1158720,3.0,0.0,1040,0,0,50.41538461538462,44.6830105137448,42.285714285714285,91.9
16809058,2014-01-09,24,1158720,8.0,0.0,1040,0,0,49.77272727272727,24.30363484474423,25.0,91.36
16811319,2014-01-09,26,1158720,5.0,0.0,1040,0,0,49.1044776119403,24.560905830976484,24.714285714285715,91.36
16812515,2014-01-09,27,1158720,4.0,0.0,1040,0,0,48.44117647058823,25.422150072047675,23.571428571428573,91.36
16813864,2014-01-09,28,1158720,29.0,0.0,1040,0,0,48.15942028985507,19.47159102751637,18.857142857142858,91.36
16814856,2014-01-09,30,1158720,14.0,0.0,1040,0,0,47.67142857142857,11.19523708249772,13.0,91.36
16816889,2014-01-09,32,1158720,27.0,0.0,1040,0,0,47.38028169014085,10.976164652381506,12.857142857142858,91.36
16819016,2014-01-09,34,1158720,80.0,0.0,1040,0,0,47.833333333333336,26.729687436934046,23.857142857142858,91.36
16819906,2014-01-09,35,1158720,32.0,0.0,1040,0,0,47.61643835616438,25.88251846140096,27.285714285714285,91.36
16820908,2014-01-09,36,1158720,62.0,0.0,1040,0,0,47.810810810810814,26.657438879589456,35.42857142857143,91.36
16871036,2014-01-10,24,1158720,5.0,0.0,1040,0,0,47.24,26.46291205226126,35.57142857142857,92.39
16874813,2014-01-10,27,1158720,52.0,0.0,1040,0,0,47.30263157894737,26.93466521930782,38.85714285714285,92.39
16876132,2014-01-10,28,1158720,424.0,0.0,1040,0,0,52.1948051948052,146.09113267963613,97.42857142857144,92.39
16877106,2014-01-10,30,1158720,20.0,0.0,1040,0,0,51.782051282051285,146.6763524940281,96.42857142857144,92.39
16879128,2014-01-10,32,1158720,26.0,0.0,1040,0,0,51.45569620253165,149.08466753908027,88.71428571428571,92.39
16881285,2014-01-10,34,1158720,69.0,0.0,1040,0,0,51.675,147.3849834051398,94.0,92.39
16882137,2014-01-10,35,1158720,13.0,0.0,1040,0,0,51.19753086419753,150.2930470780335,87.0,92.39
16883085,2014-01-10,36,1158720,33.0,0.0,1040,0,0,50.97560975609756,148.10356736644349,91.0,92.39
16905157,2014-01-10,51,1158720,5.0,0.0,1040,0,0,50.42168674698795,151.1993323240486,84.28571428571429,92.39
16936477,2014-01-11,24,1158720,8.0,0.0,1040,0,0,49.91666666666666,21.828334578620225,24.857142857142858,92.39
16940582,2014-01-11,27,1158720,2.0,0.0,1040,0,0,49.35294117647059,23.49265336024772,22.285714285714285,92.39
16942066,2014-01-11,28,1158720,121.0,0.0,1040,0,0,50.18604651162791,44.258440142073695,35.857142857142854,92.39
16943199,2014-01-11,30,1158720,17.0,0.0,1040,0,0,49.80459770114943,42.07872440579733,28.428571428571427,92.39
16945428,2014-01-11,32,1158720,12.0,0.0,1040,0,0,49.375,42.14148504626715,28.285714285714285,92.39
16947688,2014-01-11,34,1158720,94.0,0.0,1040,0,0,49.87640449438202,49.023803741991806,37.0,92.39
16948632,2014-01-11,35,1158720,456.0,0.0,1040,0,0,54.388888888888886,163.24813132453423,101.42857142857144,92.39
16949745,2014-01-11,36,1158720,22.0,0.0,1040,0,0,54.03296703296704,161.99368006484815,103.42857142857144,92.39
17003946,2014-01-12,24,1158720,2.0,0.0,1040,0,0,53.46739130434783,161.99368006484815,103.42857142857144,92.39
17006503,2014-01-12,26,1158720,5.0,0.0,1040,0,0,52.94623655913978,165.78543218211158,86.85714285714286,92.39
17007935,2014-01-12,27,1158720,8.0,0.0,1040,0,0,52.46808510638298,166.4510510058509,85.57142857142857,92.39
17009522,2014-01-12,28,1158720,83.0,0.0,1040,0,0,52.78947368421053,163.3551491747498,95.71428571428572,92.39
17010653,2014-01-12,30,1158720,5.0,0.0,1040,0,0,52.29166666666666,166.93511713636926,83.0,92.39
17012901,2014-01-12,32,1158720,36.0,0.0,1040,0,0,52.123711340206185,29.108990592827592,23.0,92.39
17015181,2014-01-12,34,1158720,50.0,0.0,1040,0,0,52.10204081632653,30.822070014844755,27.0,92.39
17017242,2014-01-12,36,1158720,65.0,0.0,1040,0,0,52.23232323232323,31.496031496047127,36.0,92.39
17070180,2014-01-13,24,1158720,13.0,0.0,1040,0,0,51.84,30.306372110105546,37.142857142857146,91.45
17075051,2014-01-13,28,1158720,371.0,0.0,1040,0,0,55.0,127.34336784196232,89.0,91.45
17076066,2014-01-13,30,1158720,23.0,0.0,1040,0,0,54.68627450980392,129.80993431790588,80.42857142857143,91.45
17078143,2014-01-13,32,1158720,19.0,0.0,1040,0,0,54.33980582524272,128.55589853296908,82.42857142857143,91.45
17080348,2014-01-13,34,1158720,51.0,0.0,1040,0,0,54.30769230769231,127.7756590576587,84.57142857142857,91.45
17082291,2014-01-13,36,1158720,44.0,0.0,1040,0,0,54.20952380952381,128.06601720169465,83.71428571428571,91.45
17132952,2014-01-14,24,1158720,3.0,0.0,1040,0,0,53.72641509433962,131.6693188400757,74.85714285714286,92.15
17137712,2014-01-14,28,1158720,18.0,0.0,1040,0,0,53.39252336448598,131.2908439849699,75.57142857142857,92.15
17138771,2014-01-14,30,1158720,18.0,0.0,1040,0,0,53.06481481481482,16.62757319864146,25.142857142857142,92.15
17140823,2014-01-14,32,1158720,7.0,0.0,1040,0,0,52.642201834862384,18.013222656598117,22.857142857142858,92.15
17142961,2014-01-14,34,1158720,36.0,0.0,1040,0,0,52.49090909090909,18.544669366282896,25.285714285714285,92.15
17143848,2014-01-14,35,1158720,16.0,0.0,1040,0,0,52.16216216216216,14.795430439995686,20.285714285714285,92.15
17144937,2014-01-14,36,1158720,63.0,0.0,1040,0,0,52.25892857142857,20.510160083886618,23.0,92.15
17195626,2014-01-15,24,1158720,5.0,0.0,1040,0,0,51.84070796460177,20.196652244982364,23.285714285714285,93.78
17200881,2014-01-15,28,1158720,34.0,0.0,1040,0,0,51.68421052631579,20.40308099983196,25.571428571428573,93.78
17201909,2014-01-15,30,1158720,25.0,0.0,1040,0,0,51.45217391304348,20.13998628646597,26.571428571428573,93.78
17203915,2014-01-15,32,1158720,11.0,0.0,1040,0,0,51.10344827586207,19.53994687325207,27.142857142857142,93.78
17206067,2014-01-15,34,1158720,25.0,0.0,1040,0,0,50.88034188034188,19.14729870292509,25.571428571428573,93.78
17207000,2014-01-15,35,1158720,51.0,0.0,1040,0,0,50.88135593220339,20.735293124341663,30.571428571428573,93.78
17208035,2014-01-15,36,1158720,47.0,0.0,1040,0,0,50.84873949579832,17.133926245067656,28.285714285714285,93.78
17230075,2014-01-15,51,1158720,12.0,0.0,1040,0,0,50.525,15.691975504635645,29.285714285714285,93.78
17258950,2014-01-16,24,1158720,1.0,0.0,1040,0,0,50.11570247933884,18.70701421799776,24.571428571428573,93.54
17263889,2014-01-16,28,1158720,315.0,0.0,1040,0,0,52.28688524590164,111.3807284348,66.0,93.54
17264940,2014-01-16,30,1158720,12.0,0.0,1040,0,0,51.959349593495936,111.29903948586522,66.14285714285714,93.54
17267023,2014-01-16,32,1158720,7.0,0.0,1040,0,0,51.596774193548384,112.60825479341663,63.57142857142857,93.54
17269176,2014-01-16,34,1158720,82.0,0.0,1040,0,0,51.84,112.64102272262976,68.0,93.54
17270116,2014-01-16,35,1158720,54.0,0.0,1040,0,0,51.85714285714285,112.45443521711358,69.0,93.54
17271215,2014-01-16,36,1158720,8.0,0.0,1040,0,0,51.511811023622045,112.80197566658887,68.42857142857143,93.54
17293238,2014-01-16,51,1158720,2.0,0.0,1040,0,0,51.125,112.70293865269164,68.57142857142857,93.54
17322116,2014-01-17,24,1158720,5.0,0.0,1040,0,0,50.76744186046512,31.08437059420836,24.285714285714285,93.96
17324624,2014-01-17,26,1158720,2.0,0.0,1040,0,0,50.39230769230769,31.96054114804973,22.857142857142858,93.96
17325861,2014-01-17,27,1158720,2.0,0.0,1040,0,0,50.02290076335878,32.42647360531484,22.142857142857142,93.96
17327136,2014-01-17,28,1158720,10.0,0.0,1040,0,0,49.71969696969697,18.8540762297223,11.857142857142858,93.96
17328134,2014-01-17,30,1158720,9.0,0.0,1040,0,0,49.41353383458647,3.5523298860094856,5.428571428571429,93.96
17330132,2014-01-17,32,1158720,21.0,0.0,1040,0,0,49.20149253731344,6.921326600063789,7.285714285714286,93.96
17332277,2014-01-17,34,1158720,48.0,0.0,1040,0,0,49.19259259259259,16.4055739656632,13.857142857142858,93.96
17333174,2014-01-17,35,1158720,80.0,0.0,1040,0,0,49.419117647058826,29.1768009604498,24.571428571428573,93.96
17334215,2014-01-17,36,1158720,36.0,0.0,1040,0,0,49.32116788321168,27.57932282741978,29.428571428571427,93.96
17356572,2014-01-17,51,1158720,6.0,0.0,1040,0,0,49.0072463768116,26.95057204092937,30.0,93.96
17387736,2014-01-18,24,1158720,6.0,0.0,1040,0,0,48.69784172661871,27.482461940039222,29.428571428571427,93.96
17390485,2014-01-18,26,1158720,6.0,0.0,1040,0,0,48.392857142857146,27.87471972953253,29.0,93.96
17391882,2014-01-18,27,1158720,27.0,0.0,1040,0,0,48.241134751773046,27.679285705069184,29.857142857142858,93.96
17393378,2014-01-18,28,1158720,28.0,0.0,1040,0,0,48.098591549295776,26.50157228040109,27.0,93.96
17394544,2014-01-18,30,1158720,111.0,0.0,1040,0,0,48.53846153846154,37.246284570218606,31.428571428571427,93.96
17396820,2014-01-18,32,1158720,11.0,0.0,1040,0,0,48.27777777777778,37.9272486541824,27.857142857142858,93.96
17399204,2014-01-18,34,1158720,174.0,0.0,1040,0,0,49.144827586206894,65.1649920622736,51.85714285714285,93.96
17400208,2014-01-18,35,1158720,37.0,0.0,1040,0,0,49.06164383561644,62.52923125950576,56.285714285714285,93.96
17401375,2014-01-18,36,1158720,32.0,0.0,1040,0,0,48.94557823129252,59.755055574124086,60.0,93.96
17425284,2014-01-18,51,1158720,4.0,0.0,1040,0,0,48.641891891891895,62.44387956587969,56.71428571428572,93.96
17458487,2014-01-19,26,1158720,16.0,0.0,1040,0,0,48.42281879194631,63.51902602108016,55.0,93.96
17459951,2014-01-19,27,1158720,16.0,0.0,1040,0,0,48.20666666666666,59.58707114483005,41.42857142857143,93.96
17461509,2014-01-19,28,1158720,85.0,0.0,1040,0,0,48.450331125827816,59.85259671337013,52.0,93.96
17462637,2014-01-19,30,1158720,19.0,0.0,1040,0,0,48.25657894736842,26.667261898118586,29.857142857142858,93.96
17464903,2014-01-19,32,1158720,41.0,0.0,1040,0,0,48.209150326797385,26.8877738191984,30.428571428571427,93.96
17467217,2014-01-19,34,1158720,54.0,0.0,1040,0,0,48.24675324675325,28.34817538430009,33.57142857142857,93.96
17468215,2014-01-19,35,1158720,25.0,0.0,1040,0,0,48.096774193548384,25.683049811481467,36.57142857142857,93.96
17469338,2014-01-19,36,1158720,55.0,0.0,1040,0,0,48.14102564102564,24.687571579160668,42.142857142857146,93.96
17492876,2014-01-19,51,1158720,8.0,0.0,1040,0,0,47.88535031847134,26.236107434856343,41.0,93.96
17522412,2014-01-20,24,1158720,3.0,0.0,1040,0,0,47.60126582278481,21.124348397952662,29.285714285714285,93.96
17524747,2014-01-20,26,1158720,1.0,0.0,1040,0,0,47.30817610062893,23.542261897236745,26.714285714285715,93.96
17525978,2014-01-20,27,1158720,8.0,0.0,1040,0,0,47.0625,23.508863576673715,22.0,93.96
17527315,2014-01-20,28,1158720,11.0,0.0,1040,0,0,46.838509316770185,18.92466266919561,15.857142857142858,93.96
17528343,2014-01-20,30,1158720,14.0,0.0,1040,0,0,46.63580246913581,18.49066688642545,14.285714285714286,93.96
17530453,2014-01-20,32,1158720,19.0,0.0,1040,0,0,46.466257668711656,6.20291790016431,9.142857142857142,93.96
17532700,2014-01-20,34,1158720,46.0,0.0,1040,0,0,46.46341463414634,15.175167685587631,14.571428571428571,93.96
17533609,2014-01-20,35,1158720,46.0,0.0,1040,0,0,46.46060606060606,18.12653934349902,20.714285714285715,93.96
17534710,2014-01-20,36,1158720,54.0,0.0,1040,0,0,46.506024096385545,19.533853397919685,28.285714285714285,93.96
17556758,2014-01-20,51,1158720,3.0,0.0,1040,0,0,46.24550898203593,20.46832628605404,27.571428571428573,93.96
17585862,2014-01-21,24,1158720,10.0,0.0,1040,0,0,46.02976190476191,20.60628660431174,27.428571428571427,94.51
17589335,2014-01-21,27,1158720,6.0,0.0,1040,0,0,45.79289940828402,21.669596871456065,26.285714285714285,94.51
17590728,2014-01-21,28,1158720,231.0,0.0,1040,0,0,46.88235294117647,79.84538630557,56.57142857142857,94.51
17591811,2014-01-21,30,1158720,37.0,0.0,1040,0,0,46.82456140350877,80.11598734691735,55.285714285714285,94.51
17593955,2014-01-21,32,1158720,16.0,0.0,1040,0,0,46.645348837209305,81.4861951498534,51.0,94.51
17596169,2014-01-21,34,1158720,55.0,0.0,1040,0,0,46.69364161849711,81.49320742947138,51.142857142857146,94.51
17597109,2014-01-21,35,1158720,50.0,0.0,1040,0,0,46.71264367816092,78.75580099571195,57.85714285714285,94.51
17598246,2014-01-21,36,1158720,27.0,0.0,1040,0,0,46.6,77.282413449448,60.285714285714285,94.51
17619985,2014-01-21,51,1158720,10.0,0.0,1040,0,0,46.39204545454545,76.8275744148947,60.85714285714285,94.51
17648867,2014-01-22,24,1158720,5.0,0.0,1040,0,0,46.15819209039548,19.535072245042706,28.571428571428573,96.35
17651259,2014-01-22,26,1158720,12.0,0.0,1040,0,0,45.96629213483146,20.016659728002985,25.0,96.35
17652548,2014-01-22,27,1158720,11.0,0.0,1040,0,0,45.7709497206704,20.475304521254014,24.285714285714285,96.35
17653845,2014-01-22,28,1158720,20.0,0.0,1040,0,0,45.62777777777778,15.359191446972444,19.285714285714285,96.35
17654853,2014-01-22,30,1158720,19.0,0.0,1040,0,0,45.48066298342541,7.470577207252002,14.857142857142858,96.35
17656753,2014-01-22,32,1158720,7.0,0.0,1040,0,0,45.26923076923077,5.6568542494914205,12.0,96.35
17658874,2014-01-22,34,1158720,116.0,0.0,1040,0,0,45.65573770491803,39.57873406864071,27.142857142857142,96.35
17659720,2014-01-22,35,1158720,37.0,0.0,1040,0,0,45.60869565217392,38.42618155075286,31.714285714285715,96.35
17660623,2014-01-22,36,1158720,160.0,0.0,1040,0,0,46.22702702702703,60.27555770909838,52.85714285714285,96.35
17710819,2014-01-23,24,1158720,3.0,0.0,1040,0,0,45.994623655913976,61.26911752183766,51.71428571428572,97.23
17713054,2014-01-23,26,1158720,3.0,0.0,1040,0,0,45.76470588235294,63.04684577284382,49.285714285714285,97.23
17714241,2014-01-23,27,1158720,4.0,0.0,1040,0,0,45.54255319148936,64.48624807256337,47.142857142857146,97.23
17715553,2014-01-23,28,1158720,14.0,0.0,1040,0,0,45.37566137566137,63.81073204257663,48.142857142857146,97.23
17716574,2014-01-23,30,1158720,15.0,0.0,1040,0,0,45.21578947368421,56.9611396354692,33.714285714285715,97.23
17718559,2014-01-23,32,1158720,15.0,0.0,1040,0,0,45.05759162303665,57.35520070245626,30.571428571428573,97.23
17720664,2014-01-23,34,1158720,25.0,0.0,1040,0,0,44.953125,8.30088922373699,11.285714285714286,97.23
17721605,2014-01-23,35,1158720,22.0,0.0,1040,0,0,44.83419689119171,8.246211251234778,14.0,97.23
17722578,2014-01-23,36,1158720,10.0,0.0,1040,0,0,44.654639175257735,7.023769168567856,15.0,97.23
17744047,2014-01-23,51,1158720,4.0,0.0,1040,0,0,44.44615384615385,7.023769168567856,15.0,97.23
17772836,2014-01-24,24,1158720,4.0,0.0,1040,0,0,44.23979591836735,8.182443458550262,13.571428571428571,96.66
17775381,2014-01-24,26,1158720,20.0,0.0,1040,0,0,44.11675126903553,8.538428538364244,14.285714285714286,96.66
17776611,2014-01-24,27,1158720,11.0,0.0,1040,0,0,43.94949494949495,8.616153157766306,13.714285714285714,96.66
17777894,2014-01-24,28,1158720,24.0,0.0,1040,0,0,43.84924623115578,8.403514004215062,13.571428571428571,96.66
17778862,2014-01-24,30,1158720,26.0,0.0,1040,0,0,43.76,9.172941575244453,14.142857142857142,96.66
17780864,2014-01-24,32,1158720,13.0,0.0,1040,0,0,43.60696517412935,9.015859043136452,14.571428571428571,96.66
17782968,2014-01-24,34,1158720,76.0,0.0,1040,0,0,43.76732673267327,23.835747463481155,24.857142857142858,96.66
17783912,2014-01-24,35,1158720,51.0,0.0,1040,0,0,43.80295566502463,23.599838578947363,31.571428571428573,96.66
17784949,2014-01-24,36,1158720,12.0,0.0,1040,0,0,43.64705882352941,24.43260896736925,30.428571428571427,96.66
17807124,2014-01-24,51,1158720,3.0,0.0,1040,0,0,43.44878048780488,25.64965422583223,29.285714285714285,96.66
17837939,2014-01-25,24,1158720,8.0,0.0,1040,0,0,43.27669902912621,26.88246020487444,27.0,96.66
17840744,2014-01-25,26,1158720,4.0,0.0,1040,0,0,43.08695652173913,28.269114898469116,23.857142857142858,96.66
17842157,2014-01-25,27,1158720,8.0,0.0,1040,0,0,42.91826923076923,28.64977353853805,23.142857142857142,96.66
17843648,2014-01-25,28,1158720,35.0,0.0,1040,0,0,42.880382775119614,18.40031055638517,17.285714285714285,96.66
17844770,2014-01-25,30,1158720,14.0,0.0,1040,0,0,42.74285714285714,10.87811258138672,12.0,96.66
17846977,2014-01-25,32,1158720,16.0,0.0,1040,0,0,42.61611374407583,10.982670331892802,12.571428571428571,96.66
17849283,2014-01-25,34,1158720,64.0,0.0,1040,0,0,42.71698113207548,21.390919301690136,21.285714285714285,96.66
17850332,2014-01-25,35,1158720,54.0,0.0,1040,0,0,42.76995305164319,23.58268129672384,27.857142857142858,96.66
17851485,2014-01-25,36,1158720,42.0,0.0,1040,0,0,42.76635514018692,21.453160495322983,33.285714285714285,96.66
17875187,2014-01-25,51,1158720,14.0,0.0,1040,0,0,42.632558139534886,20.366873196676885,34.142857142857146,96.66
17905707,2014-01-26,24,1158720,7.0,0.0,1040,0,0,42.4675925925926,22.777390627758816,30.142857142857142,96.66
17908211,2014-01-26,26,1158720,32.0,0.0,1040,0,0,42.41935483870968,21.638809931188145,32.714285714285715,96.66
17909632,2014-01-26,27,1158720,29.0,0.0,1040,0,0,42.357798165137616,20.49273971318556,34.57142857142857,96.66
17911192,2014-01-26,28,1158720,19.0,0.0,1040,0,0,42.25114155251141,16.36488691710136,28.142857142857142,96.66
17912330,2014-01-26,30,1158720,24.0,0.0,1040,0,0,42.16818181818182,11.739230119965924,23.857142857142858,96.66
17914545,2014-01-26,32,1158720,22.0,0.0,1040,0,0,42.07692307692308,8.60232526704212,21.0,96.66
17916803,2014-01-26,34,1158720,107.0,0.0,1040,0,0,42.369369369369366,33.0540682605246,34.285714285714285,96.66
17917816,2014-01-26,35,1158720,46.0,0.0,1040,0,0,42.38565022421525,30.90538556858414,39.85714285714285,96.66
17918961,2014-01-26,36,1158720,99.0,0.0,1040,0,0,42.63839285714285,37.69552202785329,49.42857142857143,96.66
17971507,2014-01-27,24,1158720,4.0,0.0,1040,0,0,42.46666666666667,40.99361158127181,45.85714285714285,95.82
17974993,2014-01-27,27,1158720,6.0,0.0,1040,0,0,42.30530973451327,42.67317658670364,44.0,95.82
17976303,2014-01-27,28,1158720,29.0,0.0,1040,0,0,42.24669603524229,42.32302086616794,44.71428571428572,95.82
17977315,2014-01-27,30,1158720,7.0,0.0,1040,0,0,42.0921052631579,44.01082118016401,42.57142857142857,95.82
17979317,2014-01-27,32,1158720,5.0,0.0,1040,0,0,41.930131004366814,35.109352979892094,28.0,95.82
17981535,2014-01-27,34,1158720,76.0,0.0,1040,0,0,42.07826086956522,39.258605365423854,32.285714285714285,95.82
17982450,2014-01-27,35,1158720,75.0,0.0,1040,0,0,42.22077922077922,33.01226323367599,28.857142857142858,95.82
17983534,2014-01-27,36,1158720,47.0,0.0,1040,0,0,42.241379310344826,31.58586181611416,35.0,95.82
18034213,2014-01-28,24,1158720,11.0,0.0,1040,0,0,42.107296137339056,30.869155510067863,35.714285714285715,97.49
18037678,2014-01-28,27,1158720,11.0,0.0,1040,0,0,41.97435897435897,32.24090864842649,33.142857142857146,97.49
18039014,2014-01-28,28,1158720,11.0,0.0,1040,0,0,41.84255319148936,31.73176266621117,33.714285714285715,97.49
18040037,2014-01-28,30,1158720,6.0,0.0,1040,0,0,41.690677966101696,31.582846459370664,33.857142857142854,97.49
18042072,2014-01-28,32,1158720,11.0,0.0,1040,0,0,41.56118143459916,26.22884635191514,24.571428571428573,97.49
18044213,2014-01-28,34,1158720,126.0,0.0,1040,0,0,41.91596638655462,43.78138330169018,31.857142857142858,97.49
18045089,2014-01-28,35,1158720,15.0,0.0,1040,0,0,41.80334728033473,43.607011231812486,27.285714285714285,97.49
18046147,2014-01-28,36,1158720,61.0,0.0,1040,0,0,41.88333333333333,44.57898287630289,34.42857142857143,97.49
18067645,2014-01-28,51,1158720,1.0,0.0,1040,0,0,41.71369294605809,45.60336244912932,33.0,97.49
18095956,2014-01-29,24,1158720,8.0,0.0,1040,0,0,41.574380165289256,45.85795875256957,32.57142857142857,97.34
18098323,2014-01-29,26,1158720,3.0,0.0,1040,0,0,41.41563786008231,46.16069241042118,32.142857142857146,97.34
18099592,2014-01-29,27,1158720,11.0,0.0,1040,0,0,41.290983606557376,46.16069241042118,32.142857142857146,97.34
18100909,2014-01-29,28,1158720,22.0,0.0,1040,0,0,41.21224489795918,20.548432914411904,17.285714285714285,97.34
18101909,2014-01-29,30,1158720,20.0,0.0,1040,0,0,41.1260162601626,20.54263858417392,18.0,97.34
18103836,2014-01-29,32,1158720,106.0,0.0,1040,0,0,41.388663967611336,36.82778454218643,24.428571428571427,97.34
18105898,2014-01-29,34,1158720,73.0,0.0,1040,0,0,41.516129032258064,39.1736062747792,34.714285714285715,97.34
18106724,2014-01-29,35,1158720,13.0,0.0,1040,0,0,41.40160642570281,38.64736792614782,35.42857142857143,97.34
18107715,2014-01-29,36,1158720,11.0,0.0,1040,0,0,41.28,37.63357163870719,36.57142857142857,97.34
18157337,2014-01-30,24,1158720,23.0,0.0,1040,0,0,41.20717131474104,36.53178655050175,38.285714285714285,98.25
18159581,2014-01-30,26,1158720,2.0,0.0,1040,0,0,41.0515873015873,38.7335218420131,35.42857142857143,98.25
18160790,2014-01-30,27,1158720,3.0,0.0,1040,0,0,40.901185770750985,40.36087214122103,33.0,98.25
18162092,2014-01-30,28,1158720,827.0,0.0,1040,0,0,43.99606299212599,305.6735731680665,136.0,98.25
18163147,2014-01-30,30,1158720,14.0,0.0,1040,0,0,43.87843137254902,308.50059813170384,127.57142857142856,98.25
18165180,2014-01-30,32,1158720,13.0,0.0,1040,0,0,43.7578125,308.50059813170384,127.57142857142856,98.25
18167321,2014-01-30,34,1158720,80.0,0.0,1040,0,0,43.8988326848249,305.2402644600136,137.42857142857142,98.25
18168185,2014-01-30,35,1158720,14.0,0.0,1040,0,0,43.78294573643411,305.82098716483824,136.14285714285714,98.25
18169231,2014-01-30,36,1158720,34.0,0.0,1040,0,0,43.745173745173744,303.7135241669438,140.71428571428572,98.25
18190862,2014-01-30,51,1158720,7.0,0.0,1040,0,0,43.60384615384616,303.4148503758038,141.28571428571428,98.25
18219961,2014-01-31,24,1158720,3.0,0.0,1040,0,0,43.44827586206897,26.72612419124208,23.571428571428573,97.55
18222578,2014-01-31,26,1158720,10.0,0.0,1040,0,0,43.3206106870229,27.006172134038437,23.0,97.55
18223878,2014-01-31,27,1158720,6.0,0.0,1040,0,0,43.1787072243346,27.56205120571848,22.0,97.55
18225238,2014-01-31,28,1158720,21.0,0.0,1040,0,0,43.09469696969697,10.783585409579487,13.571428571428571,97.55
18226240,2014-01-31,30,1158720,20.0,0.0,1040,0,0,43.00754716981132,11.058287131635511,14.428571428571429,97.55
18228317,2014-01-31,32,1158720,16.0,0.0,1040,0,0,42.90601503759399,7.151423434732317,11.857142857142858,97.55
18230477,2014-01-31,34,1158720,54.0,0.0,1040,0,0,42.94756554307117,17.047552540439014,18.571428571428573,97.55
18231401,2014-01-31,35,1158720,31.0,0.0,1040,0,0,42.90298507462686,16.040128250288248,22.571428571428573,97.55
18232505,2014-01-31,36,1158720,29.0,0.0,1040,0,0,42.85130111524163,15.1406107947492,25.285714285714285,97.55
18255100,2014-01-31,51,1158720,2.0,0.0,1040,0,0,42.7,16.038643809190226,24.714285714285715,97.55
18280593,2014-02-01,24,1158720,9.0,0.0,1040,0,0,42.57564575645756,17.10750322714123,23.0,97.55
18282819,2014-02-01,26,1158720,19.0,0.0,1040,0,0,42.4889705882353,17.140872901037003,22.857142857142858,97.55
18284005,2014-02-01,27,1158720,12.0,0.0,1040,0,0,42.37728937728938,17.4710645135915,22.285714285714285,97.55
18285184,2014-02-01,28,1158720,55.0,0.0,1040,0,0,42.42335766423358,17.77504939380934,22.428571428571427,97.55
18286064,2014-02-01,30,1158720,18.0,0.0,1040,0,0,42.334545454545456,17.405527310379366,20.571428571428573,97.55
18287943,2014-02-01,32,1158720,28.0,0.0,1040,0,0,42.28260869565217,17.328753973834797,20.428571428571427,97.55
18289970,2014-02-01,34,1158720,148.0,0.0,1040,0,0,42.66425992779784,49.48304182820018,41.285714285714285,97.55
18290820,2014-02-01,35,1158720,56.0,0.0,1040,0,0,42.71223021582734,47.521924764610624,48.0,97.55
18291879,2014-02-01,36,1158720,22.0,0.0,1040,0,0,42.63799283154122,47.22942988877833,48.42857142857143,97.55
18310814,2014-02-01,51,1158720,2.0,0.0,1040,0,0,42.49285714285714,48.644972333565086,47.0,97.55
18334771,2014-02-02,24,1158720,6.0,0.0,1040,0,0,42.362989323843415,50.78057371344525,40.0,97.55
18336801,2014-02-02,26,1158720,13.0,0.0,1040,0,0,42.25886524822696,51.17523582656695,39.285714285714285,97.55
18337998,2014-02-02,27,1158720,8.0,0.0,1040,0,0,42.13780918727915,52.4526997807138,36.42857142857143,97.55
18339231,2014-02-02,28,1158720,82.0,0.0,1040,0,0,42.2781690140845,30.31501278244791,27.0,97.55
18340076,2014-02-02,30,1158720,28.0,0.0,1040,0,0,42.2280701754386,27.57414247684438,23.0,97.55
18341891,2014-02-02,32,1158720,18.0,0.0,1040,0,0,42.14335664335665,27.63968851040766,22.428571428571427,97.55
18343832,2014-02-02,34,1158720,39.0,0.0,1040,0,0,42.13240418118467,26.600214821903386,27.714285714285715,97.55
18344579,2014-02-02,35,1158720,69.0,0.0,1040,0,0,42.22569444444444,28.610687313858925,36.71428571428572,97.55
18345613,2014-02-02,36,1158720,80.0,0.0,1040,0,0,42.35640138408304,30.49980483934404,46.285714285714285,97.55
18364036,2014-02-02,51,1158720,11.0,0.0,1040,0,0,42.248275862068965,29.88708910613535,46.71428571428572,97.55
18387675,2014-02-03,24,1158720,7.0,0.0,1040,1,0,42.12714776632303,28.542366171476505,36.0,96.44
18389532,2014-02-03,26,1158720,2.0,0.0,1040,1,0,41.98972602739726,31.31407716301741,32.285714285714285,96.44
18390615,2014-02-03,27,1158720,17.0,0.0,1040,1,0,41.90443686006826,31.392295081375785,32.142857142857146,96.44
18391682,2014-02-03,28,1158720,276.04340368747046,0.0,1040,1,0,42.70082790369888,97.746467253717,66.0062005267815,96.44
18392455,2014-02-03,30,1158720,72.0,0.0,1040,1,0,42.800147131143966,97.7683556900744,66.43477195535293,96.44
18394161,2014-02-03,32,1158720,10.0,0.0,1040,1,0,42.68933582326848,99.71022709146976,56.43477195535292,96.44
18396029,2014-02-03,34,1158720,191.0,0.0,1040,1,0,43.18869832891404,108.83296604376233,82.14905766963864,96.44
18396716,2014-02-03,35,1158720,52.0,0.0,1040,1,0,43.21826645532708,104.91265103467671,88.57762909821007,96.44
18397677,2014-02-03,36,1158720,59.0,0.0,1040,1,0,43.27104817286779,99.12533607206947,96.7204862410672,96.44
18438414,2014-02-04,24,1158720,14.0,0.0,1040,0,0,43.17347801229157,99.5331022922902,96.29191481249578,97.24
18440215,2014-02-04,26,1158720,15.0,0.0,1040,0,0,43.07987841756635,63.25082344655004,59.0,97.24
18441244,2014-02-04,27,1158720,7.0,0.0,1040,0,0,42.96040862148169,65.74626551045623,49.71428571428572,97.24
18442339,2014-02-04,28,1158720,77.0,0.0,1040,0,0,43.072750507219375,63.8506441776803,59.285714285714285,97.24
18443154,2014-02-04,30,1158720,7.0,0.0,1040,0,0,42.95409014370878,28.896366553599425,33.0,97.24
18444851,2014-02-04,32,1158720,17.0,0.0,1040,0,0,42.86899476618843,28.07727432165225,28.0,97.24
18446688,2014-02-04,34,1158720,90.0,0.0,1040,0,0,43.02301765910938,35.29805066788194,32.42857142857143,97.24
18447311,2014-02-04,35,1158720,50.0,0.0,1040,0,0,43.04574398595267,34.78436977943341,37.57142857142857,97.24
18448272,2014-02-04,36,1158720,42.0,0.0,1040,0,0,43.04234871327101,33.33095229591198,41.42857142857143,97.24
18465576,2014-02-04,51,1158720,1.0,0.0,1040,0,0,42.90628933232191,34.42313729096115,40.57142857142857,97.24
18488496,2014-02-05,24,1158720,13.0,0.0,1040,0,0,42.809817431249904,31.511146931718628,31.428571428571427,97.4
18490343,2014-02-05,26,1158720,3.0,0.0,1040,0,0,42.68181158741952,32.059468551576195,30.857142857142858,97.4
18491395,2014-02-05,27,1158720,11.0,0.0,1040,0,0,42.58026731951112,32.56787783486431,30.0,97.4
18492381,2014-02-05,28,1158720,91.0,0.0,1040,0,0,42.73496295107818,32.87566765572227,30.142857142857142,97.4
18493121,2014-02-05,30,1158720,9.0,0.0,1040,0,0,42.62752676333589,32.39708981639259,24.285714285714285,97.4
18494684,2014-02-05,32,1158720,21.0,0.0,1040,0,0,42.55886794821419,31.44155575939919,21.285714285714285,97.4
18496478,2014-02-05,34,1158720,64.0,0.0,1040,0,0,42.62671963192238,33.60909740786575,30.285714285714285,97.4
18497080,2014-02-05,35,1158720,25.0,0.0,1040,0,0,42.57111483813082,32.87856444554688,32.0,97.4
18497945,2014-02-05,36,1158720,62.0,0.0,1040,0,0,42.63221196128136,31.74826579440773,40.42857142857143,97.4
18515351,2014-02-05,51,1158720,2.0,0.0,1040,0,0,42.504838256073576,33.28377267993373,39.142857142857146,97.4
18538049,2014-02-06,24,1158720,8.0,0.0,1040,0,0,42.39701063652335,25.636655305208496,27.285714285714285,97.84
18539791,2014-02-06,26,1158720,1.0,0.0,1040,0,0,42.26804798656533,26.742155057938707,26.142857142857142,97.84
18540784,2014-02-06,27,1158720,6.0,0.0,1040,0,0,42.15541429716605,27.802877548915323,24.0,97.84
18541821,2014-02-06,28,1158720,29.0,0.0,1040,0,0,42.11468546033272,21.93931022920532,19.0,97.84
18542590,2014-02-06,30,1158720,14.0,0.0,1040,0,0,42.027911739776144,21.831606620196958,17.428571428571427,97.84
18544140,2014-02-06,32,1158720,30.0,0.0,1040,0,0,41.99090278057683,12.143977539347254,12.857142857142858,97.84
18545870,2014-02-06,34,1158720,95.0,0.0,1040,0,0,42.15350737327445,32.34928423437171,26.142857142857142,97.84
18546514,2014-02-06,35,1158720,103.0,0.0,1040,0,0,42.33958227427361,41.96710730129102,39.71428571428572,97.84
18547422,2014-02-06,36,1158720,50.0,0.0,1040,0,0,42.36293720636424,38.365411009198645,46.71428571428572,97.84
18586925,2014-02-07,24,1158720,7.0,0.0,1040,0,0,42.255451075037904,38.190001184553125,46.85714285714285,99.98
18589823,2014-02-07,27,1158720,6.0,0.0,1040,0,0,42.145586071780215,40.8772844126461,43.57142857142857,99.98
18590774,2014-02-07,28,1158720,17.0,0.0,1040,0,0,42.06961753379901,40.5298244095215,44.0,99.98
18591501,2014-02-07,30,1158720,10.0,0.0,1040,0,0,41.973022300263466,42.34551755667695,41.142857142857146,99.98
18593057,2014-02-07,32,1158720,7.0,0.0,1040,0,0,41.86799820927168,36.32656118625911,28.571428571428573,99.98
18594798,2014-02-07,34,1158720,70.0,0.0,1040,0,0,41.952225759543325,25.62179132059602,23.857142857142858,99.98
18595365,2014-02-07,35,1158720,55.0,0.0,1040,0,0,41.99117433936559,26.525818509878764,24.571428571428573,99.98
18596257,2014-02-07,36,1158720,31.0,0.0,1040,0,0,41.95846251097461,25.40341184434312,28.0,99.98
18637741,2014-02-08,24,1158720,8.0,0.0,1040,0,0,41.85769555990348,25.124452138068094,28.285714285714285,99.98
18639857,2014-02-08,26,1158720,2.0,0.0,1040,0,0,41.73977338369074,26.829266180973026,26.142857142857142,99.98
18640959,2014-02-08,27,1158720,6.0,0.0,1040,0,0,41.63434632356186,27.26937930388271,25.571428571428573,99.98
18642100,2014-02-08,28,1158720,250.0,0.0,1040,0,0,42.24718648143374,87.60653378547025,60.285714285714285,99.98
18642935,2014-02-08,30,1158720,38.0,0.0,1040,0,0,42.23473138911282,87.84970932548045,55.71428571428572,99.98
18644692,2014-02-08,32,1158720,12.0,0.0,1040,0,0,42.14632574177623,89.39772022234325,49.57142857142857,99.98
18646599,2014-02-08,34,1158720,107.0,0.0,1040,0,0,42.33540350929292,91.35983279110698,60.42857142857143,99.98
18647307,2014-02-08,35,1158720,23.0,0.0,1040,0,0,42.27919594095195,90.09228073269664,62.57142857142857,99.98
18648301,2014-02-08,36,1158720,21.0,0.0,1040,0,0,42.21751711213759,88.23021834140164,65.28571428571429,99.98
18689688,2014-02-09,24,1158720,7.0,0.0,1040,0,0,42.11573238059962,88.11896720316437,65.42857142857143,99.98
18691619,2014-02-09,26,1158720,10.0,0.0,1040,0,0,42.02317983771605,35.040113067875545,31.142857142857142,99.98
18692773,2014-02-09,27,1158720,20.0,0.0,1040,0,0,41.95989483818239,35.11342166397857,28.571428571428573,99.98
18693958,2014-02-09,28,1158720,76.0,0.0,1040,0,0,42.05743095612456,38.2697194733827,37.71428571428572,99.98
18694788,2014-02-09,30,1158720,18.0,0.0,1040,0,0,41.988695439107055,23.252240035459927,25.0,99.98
18696538,2014-02-09,32,1158720,41.0,0.0,1040,0,0,41.98587864298425,23.978164670223613,27.571428571428573,99.98
18698433,2014-02-09,34,1158720,109.0,0.0,1040,0,0,42.17625966956668,38.580774881748674,40.142857142857146,99.98
18699109,2014-02-09,35,1158720,48.0,0.0,1040,0,0,42.19275751752824,35.71647612330541,46.0,99.98
18700087,2014-02-09,36,1158720,41.0,0.0,1040,0,0,42.18938814600981,32.26379365406926,50.42857142857143,99.98
18740962,2014-02-10,24,1158720,3.0,0.0,1040,0,0,42.07899550334498,35.42127421009366,48.0,100.12
18742679,2014-02-10,26,1158720,2.0,0.0,1040,0,0,41.96641405530188,36.69176630097949,37.42857142857143,100.12
18743707,2014-02-10,27,1158720,11.0,0.0,1040,0,0,41.87967339968479,37.39811556240537,36.42857142857143,100.12
18744696,2014-02-10,28,1158720,223.0,0.0,1040,0,0,42.38559609968567,80.04968695099538,62.42857142857143,100.12
18745447,2014-02-10,30,1158720,23.0,0.0,1040,0,0,42.33159722475619,78.29097132157814,50.142857142857146,100.12
18747006,2014-02-10,32,1158720,13.0,0.0,1040,0,0,42.250120565798525,79.5580051941737,45.142857142857146,100.12
18748809,2014-02-10,34,1158720,104.0,0.0,1040,0,0,42.421172863400194,82.51955035309008,54.142857142857146,100.12
18749434,2014-02-10,35,1158720,62.0,0.0,1040,0,0,42.47525802123611,79.37853854129818,62.57142857142857,100.12
18750329,2014-02-10,36,1158720,21.0,0.0,1040,0,0,42.41609753081948,77.25868729084608,65.28571428571429,100.12
18790083,2014-02-11,24,1158720,11.0,0.0,1040,0,0,42.32978957056997,77.25868729084608,65.28571428571429,99.96
18791811,2014-02-11,26,1158720,1.0,0.0,1040,0,0,42.21655727037663,36.58714320111683,33.57142857142857,99.96
18792807,2014-02-11,27,1158720,2.0,0.0,1040,0,0,42.106675966359205,38.41378720744714,30.571428571428573,99.96
18793806,2014-02-11,28,1158720,174.0,0.0,1040,0,0,42.46605832067431,65.08163371965264,53.57142857142857,99.96
18794561,2014-02-11,30,1158720,39.0,0.0,1040,0,0,42.45663968393335,61.20924299949648,44.285714285714285,99.96
18796143,2014-02-11,32,1158720,10.0,0.0,1040,0,0,42.36868131080615,61.853128650129776,36.85714285714285,99.96
18797886,2014-02-11,34,1158720,50.0,0.0,1040,0,0,42.38930649645263,61.58463011715381,41.0,99.96
18798459,2014-02-11,35,1158720,14.0,0.0,1040,0,0,42.31278545468321,61.35105851533747,41.42857142857143,99.96
18799396,2014-02-11,36,1158720,59.0,0.0,1040,0,0,42.35764355829965,58.84645071628996,49.71428571428572,99.96
18839139,2014-02-12,24,1158720,7.0,0.0,1040,0,0,42.26285094822378,58.19752899352653,50.42857142857143,100.38
18840798,2014-02-12,26,1158720,2.0,0.0,1040,0,0,42.15519626654404,22.9886100161835,25.857142857142858,100.38
18841854,2014-02-12,27,1158720,5.0,0.0,1040,0,0,42.056115743166586,23.338094752285347,21.0,100.38
18842793,2014-02-12,28,1158720,18.0,0.0,1040,0,0,41.99213671193476,22.901445161303087,22.142857142857142,100.38
18843451,2014-02-12,30,1158720,18.0,0.0,1040,0,0,41.9284970920092,19.32922780710678,17.571428571428573,100.38
18844936,2014-02-12,32,1158720,25.0,0.0,1040,0,0,41.88371270816791,19.437322958923797,19.142857142857142,100.38
18846699,2014-02-12,34,1158720,41.0,0.0,1040,0,0,41.881381012368,13.599719885069817,16.571428571428573,100.38
18847286,2014-02-12,35,1158720,60.0,0.0,1040,0,0,41.92906158865124,20.424075429327008,24.142857142857142,100.38
18848166,2014-02-12,36,1158720,43.0,0.0,1040,0,0,41.93187245062328,18.832595855766897,30.0,100.38
18887598,2014-02-13,24,1158720,6.0,0.0,1040,0,0,41.83780995729704,18.61387091596405,30.142857142857142,100.27
18889310,2014-02-13,26,1158720,9.0,0.0,1040,0,0,41.75207155009783,19.861424683948844,28.857142857142858,100.27
18890295,2014-02-13,27,1158720,6.0,0.0,1040,0,0,41.65896719710279,21.41205712854728,27.142857142857142,100.27
18891313,2014-02-13,28,1158720,15.0,0.0,1040,0,0,41.58972312646096,21.90672869017061,25.714285714285715,100.27
18892078,2014-02-13,30,1158720,19.0,0.0,1040,0,0,41.531200527687744,20.903405965353187,22.571428571428573,100.27
18893628,2014-02-13,32,1158720,25.0,0.0,1040,0,0,41.48848424725445,13.239551136110954,17.571428571428573,100.27
18895391,2014-02-13,34,1158720,17.0,0.0,1040,0,0,41.42536959713266,7.174690967294219,13.857142857142858,100.27
18896022,2014-02-13,35,1158720,69.0,0.0,1040,0,0,41.49625553647165,21.294980405630167,22.857142857142858,100.27
18896926,2014-02-13,36,1158720,25.0,0.0,1040,0,0,41.453957445352486,20.39957982760525,25.142857142857142,100.27
18935761,2014-02-14,24,1158720,3.0,0.0,1040,0,0,41.355609728100944,20.8942917700364,24.714285714285715,100.31
18938583,2014-02-14,27,1158720,3.0,0.0,1040,0,0,41.25776378491702,22.271057451319688,23.0,100.31
18939533,2014-02-14,28,1158720,13.0,0.0,1040,0,0,41.18586107808517,22.56419413900792,22.142857142857142,100.31
18940228,2014-02-14,30,1158720,10.0,0.0,1040,0,0,41.1067091464149,22.95648056649761,20.0,100.31
18941785,2014-02-14,32,1158720,22.0,0.0,1040,0,0,41.05833773085436,22.925344677265183,20.714285714285715,100.31
18943516,2014-02-14,34,1158720,76.0,0.0,1040,0,0,41.146574251736034,25.401537261317035,21.714285714285715,100.31
18944158,2014-02-14,35,1158720,61.0,0.0,1040,0,0,41.19658288082486,29.49253335692792,26.857142857142858,100.31
18944991,2014-02-14,36,1158720,17.0,0.0,1040,0,0,41.13578744645093,28.044182827748298,28.857142857142858,100.31
18985842,2014-02-15,24,1158720,5.0,0.0,1040,0,0,41.04522156312649,27.74544149602788,29.142857142857142,100.31
18987975,2014-02-15,26,1158720,5.0,0.0,1040,0,0,40.95510850921868,28.67054237366259,28.0,100.31
18989122,2014-02-15,27,1158720,5.0,0.0,1040,0,0,40.86544489697624,29.25015262475413,27.285714285714285,100.31
18990281,2014-02-15,28,1158720,131.0,0.0,1040,0,0,41.08966020817779,48.58816238354261,42.85714285714285,100.31
18991145,2014-02-15,30,1158720,129.0,0.0,1040,0,0,41.30780000915006,57.858612562167686,50.42857142857143,100.31
18992947,2014-02-15,32,1158720,11.0,0.0,1040,0,0,41.23278070219671,59.40177967511924,43.285714285714285,100.31
18994886,2014-02-15,34,1158720,108.0,0.0,1040,0,0,41.39763803379623,62.56387212471808,56.285714285714285,100.31
18995621,2014-02-15,35,1158720,64.0,0.0,1040,0,0,41.45330887607752,58.334421758553,64.71428571428571,100.31
18996635,2014-02-15,36,1158720,39.0,0.0,1040,0,0,41.44728109014121,53.77067708598892,69.57142857142857,100.31
19014848,2014-02-15,51,1158720,3.0,0.0,1040,0,0,41.35304755805753,54.174761299933216,69.28571428571429,100.31
19038336,2014-02-16,24,1158720,10.0,0.0,1040,0,0,41.27638974006717,50.37194986630271,52.0,100.31
19040327,2014-02-16,26,1158720,10.0,0.0,1040,0,0,41.20010586265237,38.80721582386426,35.0,100.31
19041495,2014-02-16,27,1158720,2.0,0.0,1040,0,0,41.10472847612524,39.869429749764535,33.714285714285715,100.31
19042704,2014-02-16,28,1158720,69.0,0.0,1040,0,0,41.17243544584338,29.002462949598577,28.142857142857142,100.31
19043521,2014-02-16,30,1158720,22.0,0.0,1040,0,0,41.12601308398904,24.313429563573266,22.142857142857142,100.31
19045329,2014-02-16,32,1158720,23.0,0.0,1040,0,0,41.08223044368955,23.190720640150555,19.857142857142858,100.31
19047195,2014-02-16,34,1158720,89.0,0.0,1040,0,0,41.19769494864451,33.333809520407925,32.142857142857146,100.31
19047891,2014-02-16,35,1158720,35.0,0.0,1040,0,0,41.1827966434795,31.87326092361343,35.714285714285715,100.31
19048898,2014-02-16,36,1158720,32.0,0.0,1040,0,0,41.1607755484112,29.94121224125989,38.85714285714285,100.31
19089763,2014-02-17,24,1158720,8.0,0.0,1040,0,0,41.08144354949156,28.77333421598447,39.71428571428572,100.31
19091518,2014-02-17,26,1158720,3.0,0.0,1040,0,0,40.99055704937344,28.38846177419169,30.285714285714285,100.31
19092515,2014-02-17,27,1158720,16.0,0.0,1040,0,0,40.93105572306541,28.76836887310486,29.428571428571427,100.31
19093498,2014-02-17,28,1158720,49.0,0.0,1040,0,0,40.950221861490434,29.469920096195903,33.142857142857146,100.31
19094250,2014-02-17,30,1158720,122.0,0.0,1040,0,0,41.14228294712671,40.47809519327918,37.85714285714285,100.31
19095851,2014-02-17,32,1158720,22.0,0.0,1040,0,0,41.09702932313823,40.92676385936201,36.0,100.31
19097622,2014-02-17,34,1158720,74.0,0.0,1040,0,0,41.17463066907423,43.255057507764114,42.0,100.31
19098272,2014-02-17,35,1158720,69.0,0.0,1040,0,0,41.24010212632346,41.36711369237738,50.71428571428572,100.31
19099168,2014-02-17,36,1158720,63.0,0.0,1040,0,0,41.29118169879688,35.65442602592385,59.285714285714285,100.31
19116188,2014-02-17,51,1158720,1.0,0.0,1040,0,0,41.19682295945544,38.98473449710161,57.142857142857146,100.31
19138566,2014-02-18,24,1158720,11.0,0.0,1040,0,0,41.12626963478381,42.76959311518027,51.71428571428572,102.54
19140211,2014-02-18,26,1158720,3.0,0.0,1040,0,0,41.03739721139271,32.62266229537491,34.714285714285715,102.54
19142196,2014-02-18,28,1158720,15.0,0.0,1040,0,0,40.97684512485458,33.17988489890738,33.714285714285715,102.54
19142946,2014-02-18,30,1158720,13.0,0.0,1040,0,0,40.91193365124703,28.518999514942905,25.0,102.54
19144567,2014-02-18,32,1158720,8.0,0.0,1040,0,0,40.83574861964693,21.21881465205056,16.285714285714285,102.54
19146391,2014-02-18,34,1158720,63.0,0.0,1040,0,0,40.88693626717661,21.21881465205056,16.285714285714285,102.54
19147016,2014-02-18,35,1158720,13.0,0.0,1040,0,0,40.82268065365777,20.240223977679864,18.0,102.54
19147972,2014-02-18,36,1158720,92.0,0.0,1040,0,0,40.94032966364936,34.02869937203538,29.571428571428573,102.54
19164701,2014-02-18,51,1158720,1.0,0.0,1040,0,0,40.84872340295292,34.29632772233896,29.285714285714285,102.54
19186935,2014-02-19,24,1158720,8.0,0.0,1040,0,0,40.77355469951367,34.87938400504529,28.285714285714285,103.46
19188646,2014-02-19,26,1158720,6.0,0.0,1040,0,0,40.69416302211752,35.48574495819519,27.285714285714285,103.46
19189637,2014-02-19,27,1158720,3.0,0.0,1040,0,0,40.60829932502841,35.985446793841,26.571428571428573,103.46
19190635,2014-02-19,28,1158720,153.0,0.0,1040,0,0,40.863735008380615,59.53950269318985,39.42857142857143,103.46
19191363,2014-02-19,30,1158720,23.0,0.0,1040,0,0,40.82322767276071,58.91640567060111,40.85714285714285,103.46
19192876,2014-02-19,32,1158720,9.0,0.0,1040,0,0,40.7512294201074,55.13921774321173,29.0,103.46
19194607,2014-02-19,34,1158720,54.0,0.0,1040,0,0,40.78113635143899,54.28583959885268,36.57142857142857,103.46
19195228,2014-02-19,35,1158720,44.0,0.0,1040,0,0,40.78838604434115,52.81323787875608,41.71428571428572,103.46
19196090,2014-02-19,36,1158720,39.0,0.0,1040,0,0,40.78436719929769,50.51685244502435,46.42857142857143,103.46
19212972,2014-02-19,51,1158720,1.0,0.0,1040,0,0,40.6951645822589,50.80822955463192,46.142857142857146,103.46
19234952,2014-02-20,24,1158720,9.0,0.0,1040,0,0,40.62425817379748,20.36219653227589,25.571428571428573,103.2
19236678,2014-02-20,26,1158720,3.0,0.0,1040,0,0,40.540275454659536,22.111190874865667,22.714285714285715,103.2
19237619,2014-02-20,27,1158720,7.0,0.0,1040,0,0,40.46557550932622,22.329779390290188,22.428571428571427,103.2
19238650,2014-02-20,28,1158720,14.0,0.0,1040,0,0,40.406763119305495,17.49965986063946,16.714285714285715,103.2
19239383,2014-02-20,30,1158720,4.0,0.0,1040,0,0,40.32603858910748,13.07669683062128,11.0,103.2
19240949,2014-02-20,32,1158720,12.0,0.0,1040,0,0,40.26337036214043,4.810702354421615,7.142857142857143,103.2
19242671,2014-02-20,34,1158720,46.0,0.0,1040,0,0,40.2760340037251,14.84202527573966,13.571428571428571,103.2
19243260,2014-02-20,35,1158720,20.0,0.0,1040,0,0,40.23137313587549,14.85966095876701,15.142857142857142,103.2
19244138,2014-02-20,36,1158720,54.0,0.0,1040,0,0,40.26163385425818,19.6456707941562,22.428571428571427,103.2
19282629,2014-02-21,24,1158720,8.0,0.0,1040,0,0,40.19088465720937,19.51800145897017,22.571428571428573,102.53
19284378,2014-02-21,26,1158720,12.0,0.0,1040,0,0,40.12919781988506,19.67836617298489,22.285714285714285,102.53
19285376,2014-02-21,27,1158720,8.0,0.0,1040,0,0,40.05904673294208,19.108711551092032,22.857142857142858,102.53
19286350,2014-02-21,28,1158720,7.0,0.0,1040,0,0,39.987022665985776,19.66747375260749,22.142857142857142,102.53
19286988,2014-02-21,30,1158720,117.0,0.0,1040,0,0,40.15444218192929,40.88485573621863,32.285714285714285,102.53
19288581,2014-02-21,32,1158720,30.0,0.0,1040,0,0,40.13241519238064,40.557425484179134,33.714285714285715,102.53
19290350,2014-02-21,34,1158720,81.0,0.0,1040,0,0,40.220873168154704,43.95018825464834,37.57142857142857,102.53
19290910,2014-02-21,35,1158720,67.0,0.0,1040,0,0,40.27871145504854,42.98061578587858,46.0,102.53
19291773,2014-02-21,36,1158720,33.0,0.0,1040,0,0,40.263024576912656,40.89417236396056,49.0,102.53
19308778,2014-02-21,51,1158720,7.0,0.0,1040,0,0,40.19149119072575,41.062669873534034,48.85714285714285,102.53
19332570,2014-02-22,24,1158720,4.0,0.0,1040,0,0,40.11382704653964,41.58468124545018,48.42857142857143,102.53
19334488,2014-02-22,26,1158720,10.0,0.0,1040,0,0,40.04934347684684,30.31736890204753,33.142857142857146,102.53
19335576,2014-02-22,27,1158720,10.0,0.0,1040,0,0,39.98513547796468,31.57907685854792,30.285714285714285,102.53
19336658,2014-02-22,28,1158720,13.0,0.0,1040,0,0,39.92759787566625,22.54519270899442,20.571428571428573,102.53
19337446,2014-02-22,30,1158720,26.0,0.0,1040,0,0,39.897964688696746,10.672617387723715,14.714285714285714,102.53
19339165,2014-02-22,32,1158720,10.0,0.0,1040,0,0,39.8344870566613,7.02037850017325,11.428571428571429,102.53
19341036,2014-02-22,34,1158720,146.0,0.0,1040,0,0,40.05941399086329,51.03173615739598,31.285714285714285,102.53
19341682,2014-02-22,35,1158720,65.0,0.0,1040,0,0,40.11214250251052,50.80354318352197,40.0,102.53
19342615,2014-02-22,36,1158720,65.0,0.0,1040,0,0,40.16464853098623,49.63006001550713,47.85714285714285,102.53
19360628,2014-02-22,51,1158720,6.0,0.0,1040,0,0,40.09272295513152,50.158795459069225,47.285714285714285,102.53
19383479,2014-02-23,24,1158720,5.0,0.0,1040,0,0,40.01899874724259,51.15150232863324,46.142857142857146,102.53
19385303,2014-02-23,26,1158720,8.0,0.0,1040,0,0,39.95187296370539,52.76001371890487,43.57142857142857,102.53
19386433,2014-02-23,27,1158720,9.0,0.0,1040,0,0,39.88712009139638,52.86730918963404,43.42857142857143,102.53
19387588,2014-02-23,28,1158720,44.0,0.0,1040,0,0,39.89570647951456,28.174625530954344,28.857142857142858,102.53
19388318,2014-02-23,30,1158720,15.0,0.0,1040,0,0,39.8438404243489,23.42160175076437,21.714285714285715,102.53
19389937,2014-02-23,32,1158720,19.0,0.0,1040,0,0,39.80050603677229,13.680016708426804,15.142857142857142,102.53
19391676,2014-02-23,34,1158720,160.0,0.0,1040,0,0,40.04988258026447,55.72979027243423,37.142857142857146,102.53
19392416,2014-02-23,35,1158720,53.0,0.0,1040,0,0,40.076694417572405,54.04319260246056,44.0,102.53
19393355,2014-02-23,36,1158720,69.0,0.0,1040,0,0,40.13645331340387,52.15590182556599,52.71428571428572,102.53
19410892,2014-02-23,51,1158720,11.0,0.0,1040,0,0,40.076378151932936,51.8812747209111,53.0,102.53
19433561,2014-02-24,24,1158720,7.0,0.0,1040,0,0,40.00831976067381,54.75616947192414,47.71428571428572,103.17
19435422,2014-02-24,26,1158720,1.0,0.0,1040,0,0,39.92822054145272,56.381776860123374,45.71428571428572,103.17
19436440,2014-02-24,27,1158720,7.0,0.0,1040,0,0,39.86074467968744,57.50072463311498,44.0,103.17
19437514,2014-02-24,28,1158720,29.0,0.0,1040,0,0,39.83853456786804,26.31675186210124,25.285714285714285,103.17
19438204,2014-02-24,30,1158720,53.0,0.0,1040,0,0,39.865394701403005,26.31675186210124,25.285714285714285,103.17
19439811,2014-02-24,32,1158720,18.0,0.0,1040,0,0,39.82086232930239,17.91647286716836,18.0,103.17
19441604,2014-02-24,34,1158720,91.0,0.0,1040,0,0,39.92488496684445,32.382387923360874,29.428571428571427,103.17
19442240,2014-02-24,35,1158720,42.0,0.0,1040,0,0,39.92909412512672,31.01535717918403,34.42857142857143,103.17
19443128,2014-02-24,36,1158720,42.0,0.0,1040,0,0,39.933286242282335,27.299049346782702,40.285714285714285,103.17
19460275,2014-02-24,51,1158720,3.0,0.0,1040,0,0,39.858673542802975,28.14080243889189,39.71428571428572,103.17
19482434,2014-02-25,24,1158720,5.0,0.0,1040,0,0,39.788393959047326,30.982329833386373,36.285714285714285,102.2
19485058,2014-02-25,27,1158720,4.0,0.0,1040,0,0,39.71638511808344,32.092129282812365,29.285714285714285,102.2
19486081,2014-02-25,28,1158720,32.0,0.0,1040,0,0,39.700890368850345,31.705489985774967,31.285714285714285,102.2
19486747,2014-02-25,30,1158720,24.0,0.0,1040,0,0,39.669425658692326,17.689114220467413,21.714285714285715,102.2
19488364,2014-02-25,32,1158720,12.0,0.0,1040,0,0,39.61408680737495,15.4472990396065,17.428571428571427,102.2
19490088,2014-02-25,34,1158720,114.0,0.0,1040,0,0,39.76256168400693,39.609402443166736,27.714285714285715,102.2
19490720,2014-02-25,35,1158720,47.0,0.0,1040,0,0,39.77697889180772,38.509739027939176,34.0,102.2
19491632,2014-02-25,36,1158720,33.0,0.0,1040,0,0,39.76350577273851,36.391390923312,38.0,102.2
19508259,2014-02-25,51,1158720,4.0,0.0,1040,0,0,39.69254643588784,36.391390923312,38.0,102.2
19530421,2014-02-26,24,1158720,6.0,0.0,1040,0,0,39.62582852215341,38.37844136888239,34.285714285714285,102.93
19532293,2014-02-26,26,1158720,28.0,0.0,1040,0,0,39.60285257645746,38.22925830402903,34.857142857142854,102.93
19533303,2014-02-26,27,1158720,7.0,0.0,1040,0,0,39.53854714731257,38.77038634245007,34.142857142857146,102.93
19534271,2014-02-26,28,1158720,95.0,0.0,1040,0,0,39.64772323560526,32.38753434505879,31.428571428571427,102.93
19534931,2014-02-26,30,1158720,18.0,0.0,1040,0,0,39.6051933274803,31.915065855664626,27.285714285714285,102.93
19536459,2014-02-26,32,1158720,4.0,0.0,1040,0,0,39.53537922291661,32.916199514466605,23.142857142857142,102.93
19538217,2014-02-26,34,1158720,45.0,0.0,1040,0,0,39.54607319704007,32.588341473600366,29.0,102.93
19538835,2014-02-26,35,1158720,43.0,0.0,1040,0,0,39.55281914782709,31.20744721864869,34.285714285714285,102.93
19539749,2014-02-26,36,1158720,56.0,0.0,1040,0,0,39.58487992921535,32.050555303115694,38.285714285714285,102.93
19556709,2014-02-26,51,1158720,4.0,0.0,1040,0,0,39.51564864530637,32.55471584593399,37.85714285714285,102.93
19578487,2014-02-27,24,1158720,8.0,0.0,1040,0,0,39.45445321104364,21.99891772229629,25.428571428571427,102.68
19580357,2014-02-27,26,1158720,1.0,0.0,1040,0,0,39.3799290769137,23.818760113266052,23.0,102.68
19581349,2014-02-27,27,1158720,9.0,0.0,1040,0,0,39.32116712512084,23.221500710291657,23.714285714285715,102.68
19582353,2014-02-27,28,1158720,40.0,0.0,1040,0,0,39.32247761329628,22.524061208701102,23.0,102.68
19583025,2014-02-27,30,1158720,12.0,0.0,1040,0,0,39.26983314776006,20.927311842478986,18.571428571428573,102.68
19584637,2014-02-27,32,1158720,27.0,0.0,1040,0,0,39.2462373147836,14.010200365651238,14.428571428571429,102.68
19586411,2014-02-27,34,1158720,109.0,0.0,1040,0,0,39.38012169613718,37.50047618745255,29.428571428571427,102.68
19587033,2014-02-27,35,1158720,36.0,0.0,1040,0,0,39.37364636721738,36.308204503744,33.42857142857143,102.68
19587965,2014-02-27,36,1158720,34.0,0.0,1040,0,0,39.36337170877146,33.42368706685185,38.142857142857146,102.68
19627385,2014-02-28,24,1158720,7.0,0.0,1040,0,0,39.30160954902189,33.72154885444676,37.85714285714285,102.88
19629517,2014-02-28,26,1158720,5.0,0.0,1040,0,0,39.2362731498809,35.876773226460024,32.857142857142854,102.88
19630547,2014-02-28,27,1158720,3.0,0.0,1040,0,0,39.16738289674424,36.89560562296946,31.571428571428573,102.88
19631599,2014-02-28,28,1158720,15.0,0.0,1040,0,0,39.12152448517547,37.418482827913245,29.857142857142858,102.88
19632340,2014-02-28,30,1158720,9.0,0.0,1040,0,0,39.06447614334749,13.80648570850046,15.571428571428571,102.88
19633970,2014-02-28,32,1158720,15.0,0.0,1040,0,0,39.01898564024097,10.51755901428783,12.571428571428571,102.88
19635770,2014-02-28,34,1158720,149.0,0.0,1040,0,0,39.22649698808957,53.1162247654454,29.0,102.88
19636470,2014-02-28,35,1158720,25.0,0.0,1040,0,0,39.19970509169016,52.30314567613529,31.571428571428573,102.88
19637451,2014-02-28,36,1158720,50.0,0.0,1040,0,0,39.22000639790878,51.2477641788724,38.0,102.88
19655093,2014-02-28,51,1158720,4.0,0.0,1040,0,0,39.15392758665567,51.13520826015581,38.142857142857146,102.88
19685723,2014-03-01,24,1158720,4.0,0.0,1040,0,0,39.08809626158703,52.124393338938376,36.57142857142857,102.88
19688836,2014-03-01,26,1158720,4.0,0.0,1040,0,0,39.022511034929856,52.59730212165043,35.857142857142854,102.88
19690300,2014-03-01,27,1158720,11.0,0.0,1040,0,0,38.97023023076021,52.882619342950576,35.285714285714285,102.88
19691870,2014-03-01,28,1158720,47.0,0.0,1040,0,0,38.98518324709026,20.4100815424978,20.714285714285715,102.88
19693021,2014-03-01,30,1158720,21.0,0.0,1040,0,0,38.95175353845255,20.32591589923657,20.142857142857142,102.88
19695458,2014-03-01,32,1158720,39.0,0.0,1040,0,0,38.95184304951294,17.915143899850808,18.571428571428573,102.88
19697893,2014-03-01,34,1158720,105.0,0.0,1040,0,0,39.074154451273095,35.88407260424392,33.0,102.88
19699066,2014-03-01,35,1158720,128.0,0.0,1040,0,0,39.23852754840568,47.80765031426887,50.71428571428572,102.88
19700402,2014-03-01,36,1158720,75.0,0.0,1040,0,0,39.30450812488464,43.590628088418754,60.85714285714285,102.88
19724427,2014-03-01,51,1158720,5.0,0.0,1040,0,0,39.24133223515188,44.77722635447605,60.0,102.88
19753054,2014-03-02,24,1158720,4.0,0.0,1040,1,1,39.1765503744255,49.55276168364559,53.85714285714285,102.88
19755889,2014-03-02,26,1158720,2.0,0.0,1040,1,1,39.10833652052747,52.10703270330063,51.142857142857146,102.88
19757264,2014-03-02,27,1158720,9.0,0.0,1040,1,1,39.053193047046655,54.453125320249896,46.85714285714285,102.88
19758764,2014-03-02,28,1158720,830.0,0.0,1040,1,1,40.499165271823536,303.48907566437884,150.42857142857142,102.88
19759815,2014-03-02,30,1158720,23.0,0.0,1040,1,1,40.46723248848079,307.3525972683801,135.42857142857142,102.88
19761998,2014-03-02,32,1158720,23.0,0.0,1040,1,1,40.435416035860605,309.6761749526969,128.0,102.88
19764214,2014-03-02,34,1158720,98.0,0.0,1040,1,1,40.540078915795405,305.4863413671792,141.28571428571428,102.88
19765325,2014-03-02,35,1158720,66.0,0.0,1040,1,1,40.586285669124265,301.71809611591,150.14285714285714,102.88
19766624,2014-03-02,36,1158720,41.0,0.0,1040,1,1,40.587035151607736,298.87328099921893,155.71428571428572,102.88
19788954,2014-03-02,51,1158720,3.0,0.0,1040,1,1,40.51906582945293,299.372359318307,154.85714285714286,102.88
19821260,2014-03-03,27,1158720,15.0,0.0,1040,0,1,40.4730025337319,33.155477892585125,38.42857142857143,105.34
19822644,2014-03-03,28,1158720,41.0,0.0,1040,0,1,40.47395207871617,32.449961479175705,41.0,105.34
19823603,2014-03-03,30,1158720,46.0,0.0,1040,0,1,40.48389101382639,31.473344731239106,44.285714285714285,105.34
19825565,2014-03-03,32,1158720,7.0,0.0,1040,0,1,40.42377630823604,23.32891114557388,31.285714285714285,105.34
19827565,2014-03-03,34,1158720,72.0,0.0,1040,0,1,40.4803645227374,24.875882372480973,32.142857142857146,105.34
19828601,2014-03-03,35,1158720,35.0,0.0,1040,0,1,40.47056065060371,24.621902754216237,31.285714285714285,105.34
19829745,2014-03-03,36,1158720,41.0,0.0,1040,0,1,40.47150607801334,21.31286220192121,36.71428571428572,105.34
19851683,2014-03-03,51,1158720,2.0,0.0,1040,0,1,40.40292941833774,23.926474677147414,34.857142857142854,105.34
19881002,2014-03-04,24,1158720,5.0,0.0,1040,0,1,40.339934882006176,26.15157283806745,29.714285714285715,103.64
19883552,2014-03-04,26,1158720,3.0,0.0,1040,0,1,40.27361172946265,26.73235955951199,23.571428571428573,103.64
19884919,2014-03-04,27,1158720,11.0,0.0,1040,0,1,40.22170816256644,26.359239818505927,24.142857142857142,103.64
19886435,2014-03-04,28,1158720,50.0,0.0,1040,0,1,40.239014873783134,20.322401432901184,21.0,103.64
19887476,2014-03-04,30,1158720,12.0,0.0,1040,0,1,40.18912262135596,19.52531933767228,17.714285714285715,103.64
19889537,2014-03-04,32,1158720,27.0,0.0,1040,0,1,40.165861382164856,17.336995950031596,15.714285714285714,103.64
19891524,2014-03-04,34,1158720,27.0,0.0,1040,0,1,40.14268204874555,16.600344230509574,19.285714285714285,103.64
19892465,2014-03-04,35,1158720,24.0,0.0,1040,0,1,40.11431178152456,15.38397434561859,22.0,103.64
19893585,2014-03-04,36,1158720,33.0,0.0,1040,0,1,40.10183053278504,13.237752650585376,26.285714285714285,103.64
19915852,2014-03-04,51,1158720,4.0,0.0,1040,0,1,40.03860491013568,14.761597539045246,25.285714285714285,103.64
19945865,2014-03-05,24,1158720,9.0,0.0,1040,0,0,39.98434161483824,10.967484410095972,19.428571428571427,101.75
19949837,2014-03-05,27,1158720,12.0,0.0,1040,0,0,39.93550332231671,10.967484410095972,19.428571428571427,101.75
19951251,2014-03-05,28,1158720,141.0,0.0,1040,0,0,40.11157387401999,47.58751336822943,35.714285714285715,101.75
19952280,2014-03-05,30,1158720,4.0,0.0,1040,0,0,40.048771136847776,49.060700983092026,32.42857142857143,101.75
19954389,2014-03-05,32,1158720,25.0,0.0,1040,0,0,40.02264479806853,49.03351623416069,32.57142857142857,101.75
19956592,2014-03-05,34,1158720,77.0,0.0,1040,0,0,40.086730335680194,51.83765867728638,38.85714285714285,101.75
19957590,2014-03-05,35,1158720,51.0,0.0,1040,0,0,40.10561142506483,49.56429206211903,45.57142857142857,101.75
19958740,2014-03-05,36,1158720,159.0,0.0,1040,0,0,40.31095579220634,61.98655768255989,67.0,101.75
19981570,2014-03-05,51,1158720,2.0,0.0,1040,0,0,40.244902420150815,63.56061973386015,65.57142857142857,101.75
20011201,2014-03-06,24,1158720,9.0,0.0,1040,0,0,40.19112461908343,56.65896306179705,46.71428571428572,101.82
20013710,2014-03-06,26,1158720,5.0,0.0,1040,0,0,40.130658769222464,56.53443956689449,46.85714285714285,101.82
20014947,2014-03-06,27,1158720,5.0,0.0,1040,0,0,40.07040034937817,58.30094338859353,44.0,101.82
20016303,2014-03-06,28,1158720,51.0,0.0,1040,0,0,40.08911541727307,56.65307960359627,40.285714285714285,101.82
20017332,2014-03-06,30,1158720,19.0,0.0,1040,0,0,40.05306564732901,56.93479980268144,35.714285714285715,101.82
20019548,2014-03-06,32,1158720,13.0,0.0,1040,0,0,40.00690000629262,16.935451686019654,14.857142857142858,101.82
20021811,2014-03-06,34,1158720,65.0,0.0,1040,0,0,40.04947768941648,24.16215064536904,23.857142857142858,101.82
20022793,2014-03-06,35,1158720,139.0,0.0,1040,0,0,40.21776089062495,48.52098220652279,42.42857142857143,101.82
20023949,2014-03-06,36,1158720,281.0,0.0,1040,0,0,40.626559259231705,98.9603095040777,81.85714285714286,101.82
20046341,2014-03-06,51,1158720,4.0,0.0,1040,0,0,40.564480345233,99.09038682891877,81.71428571428571,101.82
20075523,2014-03-07,24,1158720,12.0,0.0,1040,0,0,40.51614789118016,102.15417852675525,76.14285714285714,102.82
20078098,2014-03-07,26,1158720,59.0,0.0,1040,0,0,40.54737061433695,99.5095113903332,81.85714285714286,102.82
20079343,2014-03-07,27,1158720,9.0,0.0,1040,0,0,40.49417100115931,99.9811887068667,81.28571428571429,102.82
20080678,2014-03-07,28,1158720,280.0,0.0,1040,0,0,40.897379467487326,124.22828448733672,112.0,102.82
20081665,2014-03-07,30,1158720,9.0,0.0,1040,0,0,40.8437704263655,129.13927512942132,93.42857142857144,102.82
20083785,2014-03-07,32,1158720,21.0,0.0,1040,0,0,40.81047550954274,100.38876810632132,56.285714285714285,102.82
20085954,2014-03-07,34,1158720,121.0,0.0,1040,0,0,40.94479632108455,99.97166265164007,73.0,102.82
20086879,2014-03-07,35,1158720,19.0,0.0,1040,0,0,40.90809933727002,99.29249719893238,74.0,102.82
20087967,2014-03-07,36,1158720,33.0,0.0,1040,0,0,40.894897168092605,100.42694572957708,70.28571428571429,102.82
20110345,2014-03-07,51,1158720,1.0,0.0,1040,0,0,40.82840567281245,101.28249037786765,69.14285714285714,102.82
20140890,2014-03-08,24,1158720,15.0,0.0,1040,0,0,40.78542995621876,40.799159655211234,31.285714285714285,102.82
20143547,2014-03-08,26,1158720,4.0,0.0,1040,0,0,40.724324590842976,41.29510520976671,30.571428571428573,102.82
20144876,2014-03-08,27,1158720,9.0,0.0,1040,0,0,40.67171377062599,42.00170064584105,28.857142857142858,102.82
20146353,2014-03-08,28,1158720,27.0,0.0,1040,0,0,40.64907848292628,11.801936887041029,15.428571428571429,102.82
20147402,2014-03-08,30,1158720,20.0,0.0,1040,0,0,40.61494777469004,11.858290248557465,15.571428571428571,102.82
20149610,2014-03-08,32,1158720,14.0,0.0,1040,0,0,40.57102871895623,9.04486173523448,12.857142857142858,102.82
20151820,2014-03-08,34,1158720,209.0,0.0,1040,0,0,40.8485064311161,73.75829251199964,42.57142857142857,102.82
20152807,2014-03-08,35,1158720,54.0,0.0,1040,0,0,40.87013717711756,72.7952117734597,48.142857142857146,102.82
20153941,2014-03-08,36,1158720,67.0,0.0,1040,0,0,40.913043355808654,70.27903568734311,57.142857142857146,102.82
20207620,2014-03-09,24,1158720,5.0,0.0,1040,0,0,40.85416951424176,70.75039962868787,56.57142857142857,102.82
20211508,2014-03-09,27,1158720,12.0,0.0,1040,0,0,40.80694501421845,72.01124250850722,54.42857142857143,102.82
20213068,2014-03-09,28,1158720,29.0,0.0,1040,0,0,40.787652620404366,71.37159632448157,55.71428571428572,102.82
20214170,2014-03-09,30,1158720,7.0,0.0,1040,0,0,40.732534100632094,72.09880786280786,54.71428571428572,102.82
20216417,2014-03-09,32,1158720,10.0,0.0,1040,0,0,40.68248111349751,24.924648347330415,26.285714285714285,102.82
20218655,2014-03-09,34,1158720,92.0,0.0,1040,0,0,40.76592423363817,34.33032811627956,31.714285714285715,102.82
20219636,2014-03-09,35,1158720,55.0,0.0,1040,0,0,40.78903149949265,32.52691193458098,30.0,102.82
20220743,2014-03-09,36,1158720,80.0,0.0,1040,0,0,40.85258250192459,35.164917582320825,40.71428571428572,102.82
20244137,2014-03-09,51,1158720,4.0,0.0,1040,0,0,40.79295049140368,36.363246751159366,39.57142857142857,102.82
20273201,2014-03-10,24,1158720,29.0,0.0,1040,0,0,40.773898875100926,36.363246751159366,39.57142857142857,101.39
20275581,2014-03-10,26,1158720,3.0,0.0,1040,0,0,40.71297323175399,36.98648401781369,39.0,101.39
20276834,2014-03-10,27,1158720,12.0,0.0,1040,0,0,40.666736559883205,36.73197646789624,39.285714285714285,101.39
20278167,2014-03-10,28,1158720,61.0,0.0,1040,0,0,40.6994266940313,30.68891532474732,34.857142857142854,101.39
20279172,2014-03-10,30,1158720,17.0,0.0,1040,0,0,40.66138588071826,29.88230882901064,29.428571428571427,101.39
20281227,2014-03-10,32,1158720,26.0,0.0,1040,0,0,40.63789007001198,19.98094330200854,21.714285714285715,101.39
20283395,2014-03-10,34,1158720,69.0,0.0,1040,0,0,40.68326944589995,24.87971060924918,31.0,101.39
20284297,2014-03-10,35,1158720,29.0,0.0,1040,0,0,40.66460607617807,24.87971060924918,31.0,101.39
20285345,2014-03-10,36,1158720,24.0,0.0,1040,0,0,40.63802775707731,22.0454076850483,34.0,101.39
20335690,2014-03-11,24,1158720,6.0,0.0,1040,0,0,40.58287166192272,23.13315493275493,33.142857142857146,100.29
20338027,2014-03-11,26,1158720,4.0,0.0,1040,0,0,40.52471129362078,21.679483388678463,25.0,100.29
20339267,2014-03-11,27,1158720,6.0,0.0,1040,0,0,40.46991016458329,22.72925532477984,23.428571428571427,100.29
20340626,2014-03-11,28,1158720,32.0,0.0,1040,0,0,40.456487169076816,22.95440615447821,24.285714285714285,100.29
20341597,2014-03-11,30,1158720,12.0,0.0,1040,0,0,40.411461081783976,11.89437642233399,16.142857142857142,100.29
20343645,2014-03-11,32,1158720,21.0,0.0,1040,0,0,40.380795266488896,10.78579312490822,15.0,100.29
20345812,2014-03-11,34,1158720,64.0,0.0,1040,0,0,40.418049532630086,21.561650259308696,20.714285714285715,100.29
20346724,2014-03-11,35,1158720,21.0,0.0,1040,0,0,40.38746992706689,20.57853713158872,22.857142857142858,100.29
20347813,2014-03-11,36,1158720,34.0,0.0,1040,0,0,40.37742673535766,19.065051546643563,27.142857142857142,100.29
20369334,2014-03-11,51,1158720,9.0,0.0,1040,0,0,40.32816860861456,18.536964358250067,27.571428571428573,100.29
20397834,2014-03-12,24,1158720,3.0,0.0,1040,0,0,40.26966050734713,20.51712409068011,23.428571428571427,98.29
20400334,2014-03-12,26,1158720,2.0,0.0,1040,0,0,40.20977058480042,21.756225162773948,22.0,98.29
20401592,2014-03-12,27,1158720,9.0,0.0,1040,0,0,40.16100531826167,22.31377964184344,20.285714285714285,98.29
20402934,2014-03-12,28,1158720,4.0,0.0,1040,0,0,40.10459189342819,11.743285822321855,11.714285714285714,98.29
20403869,2014-03-12,30,1158720,2.0,0.0,1040,0,0,40.045238946553695,11.430952132987432,9.0,98.29
20405829,2014-03-12,32,1158720,7.0,0.0,1040,0,0,39.99384666203339,3.1320159337887405,5.142857142857143,98.29
20407909,2014-03-12,34,1158720,86.0,0.0,1040,0,0,40.06528478833459,30.91616929390684,16.142857142857142,98.29
20408808,2014-03-12,35,1158720,26.0,0.0,1040,0,0,40.043478145251896,30.506049361053496,19.428571428571427,98.29
20409861,2014-03-12,36,1158720,31.0,0.0,1040,0,0,40.02947895307658,29.703294670552957,23.571428571428573,98.29
20431601,2014-03-12,51,1158720,1.0,0.0,1040,0,0,39.96915518344277,30.50058547447408,22.428571428571427,98.29
20459608,2014-03-13,24,1158720,7.0,0.0,1040,0,0,39.9182768575424,30.21825370769864,22.857142857142858,98.57
20462056,2014-03-13,26,1158720,9.0,0.0,1040,0,0,39.87063698565096,29.52077557375781,23.857142857142858,98.57
20463254,2014-03-13,27,1158720,4.0,0.0,1040,0,0,39.815451390288416,29.82648232056594,23.428571428571427,98.57
20464568,2014-03-13,28,1158720,23.0,0.0,1040,0,0,39.789621203821,11.942321701370783,14.428571428571429,98.57
20465560,2014-03-13,30,1158720,15.0,0.0,1040,0,0,39.7516003124041,10.838643387259046,12.857142857142858,98.57
20467684,2014-03-13,32,1158720,18.0,0.0,1040,0,0,39.71829005158878,7.937253933192734,11.0,98.57
20469808,2014-03-13,34,1158720,22.0,0.0,1040,0,0,39.69119786496555,7.483314773546808,14.0,98.57
20470742,2014-03-13,35,1158720,14.0,0.0,1040,0,0,39.65197466211828,6.831300510638564,15.0,98.57
20471782,2014-03-13,36,1158720,28.0,0.0,1040,0,0,39.63421250562115,7.761320457118082,17.714285714285715,98.57
20521522,2014-03-14,24,1158720,4.0,0.0,1040,0,0,39.57997473925034,7.761320457118082,17.714285714285715,99.23
20524139,2014-03-14,26,1158720,16.0,0.0,1040,0,0,39.544138911379136,7.409774753981809,16.714285714285715,99.23
20525395,2014-03-14,27,1158720,12.0,0.0,1040,0,0,39.50234203897947,7.609517849689698,16.285714285714285,99.23
20526739,2014-03-14,28,1158720,12.0,0.0,1040,0,0,39.4606718237689,7.72133716522156,15.428571428571429,99.23
20527702,2014-03-14,30,1158720,13.0,0.0,1040,0,0,39.42064055020798,7.1746909672943,14.142857142857142,99.23
20529777,2014-03-14,32,1158720,3.0,0.0,1040,0,0,39.36562447686929,8.323804075403146,12.571428571428571,99.23
20531938,2014-03-14,34,1158720,46.0,0.0,1040,0,0,39.37563107645169,14.42715693207921,15.142857142857142,99.23
20532878,2014-03-14,35,1158720,70.0,0.0,1040,0,0,39.421752113987154,24.192678939830117,24.571428571428573,99.23
20533947,2014-03-14,36,1158720,26.0,0.0,1040,0,0,39.40156902810146,23.895606290696737,26.0,99.23
20555802,2014-03-14,51,1158720,1.0,0.0,1040,0,0,39.34390901454575,25.29069092806744,24.428571428571427,99.23
20586086,2014-03-15,24,1158720,11.0,0.0,1040,0,0,39.30141439833204,25.37527855817049,24.285714285714285,99.23
20588902,2014-03-15,26,1158720,36.0,0.0,1040,0,0,39.29647216120879,25.15854488940818,27.571428571428573,99.23
20590270,2014-03-15,27,1158720,3.0,0.0,1040,0,0,39.242217344824326,25.15854488940818,27.571428571428573,99.23
20591744,2014-03-15,28,1158720,26.0,0.0,1040,0,0,39.22245284132458,23.81676080490545,24.714285714285715,99.23
20592835,2014-03-15,30,1158720,11.0,0.0,1040,0,0,39.18039255393066,13.187295473475448,16.285714285714285,99.23
20595063,2014-03-15,32,1158720,12.0,0.0,1040,0,0,39.1399455412016,12.512850537404036,14.285714285714286,99.23
20597341,2014-03-15,34,1158720,122.0,0.0,1040,0,0,39.263065978733245,41.379774217432605,31.571428571428573,99.23
20598377,2014-03-15,35,1158720,80.0,0.0,1040,0,0,39.32350653366094,43.80965320891848,41.42857142857143,99.23
20599573,2014-03-15,36,1158720,37.0,0.0,1040,0,0,39.32006430175922,43.79062739467242,41.57142857142857,99.23
20622814,2014-03-15,51,1158720,8.0,0.0,1040,0,0,39.27373284569153,43.09181780691956,42.285714285714285,99.23
20653297,2014-03-16,24,1158720,9.0,0.0,1040,0,0,39.22901536733748,44.61475305855875,39.85714285714285,99.23
20655881,2014-03-16,26,1158720,2.0,0.0,1040,0,0,39.174105315173264,45.70141187774219,38.57142857142857,99.23
20657329,2014-03-16,27,1158720,17.0,0.0,1040,0,0,39.14144831176358,45.253781741471606,39.285714285714285,99.23
20658908,2014-03-16,28,1158720,33.0,0.0,1040,0,0,39.13241677012864,26.937317008548447,26.571428571428573,99.23
20660019,2014-03-16,30,1158720,36.0,0.0,1040,0,0,39.12781703918865,14.784161409136932,20.285714285714285,99.23
20662270,2014-03-16,32,1158720,10.0,0.0,1040,0,0,39.08510763004029,13.12576528381104,16.428571428571427,99.23
20664530,2014-03-16,34,1158720,138.0,0.0,1040,0,0,39.22993177699483,47.13102304568955,35.0,99.23
20665549,2014-03-16,35,1158720,30.0,0.0,1040,0,0,39.216437724689285,45.85120863546914,38.0,99.23
20666699,2014-03-16,36,1158720,37.0,0.0,1040,0,0,39.21320204917879,43.096790290383815,43.0,99.23
20690062,2014-03-16,51,1158720,10.0,0.0,1040,0,0,39.17061720654151,43.87482193696047,42.0,99.23
20719387,2014-03-17,24,1158720,7.0,0.0,1040,0,0,39.12378952501816,45.82108061330959,38.285714285714285,98.43
20721920,2014-03-17,26,1158720,10.0,0.0,1040,0,0,39.08145843559225,47.07390339617449,34.57142857142857,98.43
20723235,2014-03-17,27,1158720,11.0,0.0,1040,0,0,39.04070160186861,46.98834708632288,34.714285714285715,98.43
20724624,2014-03-17,28,1158720,27.0,0.0,1040,0,0,39.02325130969199,12.102734834580785,18.857142857142858,98.43
20725610,2014-03-17,30,1158720,28.0,0.0,1040,0,0,39.00729870287623,11.816050423852817,18.571428571428573,98.43
20727737,2014-03-17,32,1158720,8.0,0.0,1040,0,0,38.96249046775646,9.034326074424802,14.428571428571429,98.43
20729898,2014-03-17,34,1158720,48.0,0.0,1040,0,0,38.97553160705263,15.225292240528868,19.857142857142858,98.43
20730833,2014-03-17,35,1158720,26.0,0.0,1040,0,0,38.95683487563036,14.210995072561454,22.571428571428573,98.43
20731990,2014-03-17,36,1158720,62.0,0.0,1040,0,0,38.98999050890284,19.244046698481043,30.0,98.43
20782619,2014-03-18,24,1158720,11.0,0.0,1040,0,0,38.94977500529809,19.244046698481043,30.0,100.08
20785080,2014-03-18,26,1158720,2.0,0.0,1040,0,0,38.89676241562048,22.014064768212,26.428571428571427,100.08
20786335,2014-03-18,27,1158720,5.0,0.0,1040,0,0,38.84819971874996,23.41245089995582,23.142857142857142,100.08
20787730,2014-03-18,28,1158720,30.0,0.0,1040,0,0,38.83554135005361,22.49973544817984,26.285714285714285,100.08
20788770,2014-03-18,30,1158720,11.0,0.0,1040,0,0,38.7957762909821,20.832666655999294,21.0,100.08
20790936,2014-03-18,32,1158720,22.0,0.0,1040,0,0,38.77181655304918,20.72725374040257,20.428571428571427,100.08
20793137,2014-03-18,34,1158720,97.0,0.0,1040,0,0,38.854762683315485,33.009378176800496,25.428571428571427,100.08
20794106,2014-03-18,35,1158720,45.0,0.0,1040,0,0,38.863504130423145,33.03389312869558,30.285714285714285,100.08
20795250,2014-03-18,36,1158720,56.0,0.0,1040,0,0,38.88784574387425,31.601687718643337,38.0,100.08
20816927,2014-03-18,51,1158720,4.0,0.0,1040,0,0,38.83835943785457,31.77750027628841,37.85714285714285,100.08
20845700,2014-03-19,24,1158720,7.0,0.0,1040,0,0,38.79326261145534,33.84699466155059,34.57142857142857,100.71
20848244,2014-03-19,26,1158720,4.0,0.0,1040,0,0,38.74405007593702,34.75081362528126,33.57142857142857,100.71
20849571,2014-03-19,27,1158720,16.0,0.0,1040,0,0,38.711925711422985,35.155437159915216,32.714285714285715,100.71
20850946,2014-03-19,28,1158720,20.0,0.0,1040,0,0,38.68553371465088,20.80636349544885,21.714285714285715,100.71
20851927,2014-03-19,30,1158720,5.0,0.0,1040,0,0,38.63808930096827,18.73499399519477,16.0,100.71
20853945,2014-03-19,32,1158720,24.0,0.0,1040,0,0,38.617501271009104,8.40351400421462,11.428571428571429,100.71
20856076,2014-03-19,34,1158720,63.0,0.0,1040,0,0,38.65174635349364,20.538001942971672,19.857142857142858,100.71
20856989,2014-03-19,35,1158720,35.0,0.0,1040,0,0,38.64662468960375,20.3423087138483,23.857142857142858,100.71
20858054,2014-03-19,36,1158720,25.0,0.0,1040,0,0,38.62751176987041,18.37959531136387,26.857142857142858,100.71
20880052,2014-03-19,51,1158720,1.0,0.0,1040,0,0,38.57488587928318,20.597040934029337,24.714285714285715,100.71
20908449,2014-03-20,24,1158720,13.0,0.0,1040,0,0,38.53916676492664,21.029457797054118,23.714285714285715,99.68
20912102,2014-03-20,27,1158720,5.0,0.0,1040,0,0,38.49238968436189,21.029457797054118,23.714285714285715,99.68
20913422,2014-03-20,28,1158720,13.0,0.0,1040,0,0,38.45688496335303,21.412057128547342,22.142857142857142,99.68
20914415,2014-03-20,30,1158720,12.0,0.0,1040,0,0,38.420088183153645,11.639423975273624,14.857142857142858,99.68
20916505,2014-03-20,32,1158720,9.0,0.0,1040,0,0,38.37922694956593,7.581305327987663,11.142857142857142,99.68
20918702,2014-03-20,34,1158720,141.0,0.0,1040,0,0,38.52155811884531,50.15547256851852,27.714285714285715,99.68
20919641,2014-03-20,35,1158720,32.0,0.0,1040,0,0,38.51252548987185,48.7525335117008,32.142857142857146,99.68
20920736,2014-03-20,36,1158720,32.0,0.0,1040,0,0,38.503517847423886,48.03272693844108,34.857142857142854,99.68
20971357,2014-03-21,24,1158720,6.0,0.0,1040,0,0,38.45862348575618,47.9305052480497,35.0,99.97
20975296,2014-03-21,27,1158720,5.0,0.0,1040,0,0,38.41247366025858,48.63273441975932,33.857142857142854,99.97
20976607,2014-03-21,28,1158720,21.0,0.0,1040,0,0,38.3884895367596,48.07434718374076,35.142857142857146,99.97
20977587,2014-03-21,30,1158720,14.0,0.0,1040,0,0,38.35494278361413,47.65650907423711,35.857142857142854,99.97
20979643,2014-03-21,32,1158720,12.0,0.0,1040,0,0,38.318740939131146,11.282097069503456,17.428571428571427,99.97
20981831,2014-03-21,34,1158720,52.0,0.0,1040,0,0,38.33750809833673,16.780090243244018,20.285714285714285,99.97
20982778,2014-03-21,35,1158720,23.0,0.0,1040,0,0,38.31649781327051,16.062378404208527,19.0,99.97
20983891,2014-03-21,36,1158720,40.0,0.0,1040,0,0,38.318800825837855,16.607514076751787,23.857142857142858,99.97
21036965,2014-03-22,24,1158720,13.0,0.0,1040,0,0,38.2842123001195,15.318833724100925,25.0,99.97
21039734,2014-03-22,26,1158720,4.0,0.0,1040,0,0,38.23743984131988,17.280597432352636,22.571428571428573,99.97
21041092,2014-03-22,27,1158720,7.0,0.0,1040,0,0,38.19488202137258,18.044917501031485,21.571428571428573,99.97
21042573,2014-03-22,28,1158720,26.0,0.0,1040,0,0,38.17829034515302,17.57704130257325,23.571428571428573,99.97
21043681,2014-03-22,30,1158720,75.0,0.0,1040,0,0,38.22831984196667,24.545390411973,26.857142857142858,99.97
21045919,2014-03-22,32,1158720,16.0,0.0,1040,0,0,38.19815929944026,24.869181540134687,25.857142857142858,99.97
21048192,2014-03-22,34,1158720,92.0,0.0,1040,0,0,38.27106152261175,35.35399216361213,33.285714285714285,99.97
21050393,2014-03-22,36,1158720,21.0,0.0,1040,0,0,38.247690668048,34.712424014354966,34.42857142857143,99.97
21074040,2014-03-22,51,1158720,1.0,0.0,1040,0,0,38.197355950929015,35.16627171974096,34.0,99.97
21104107,2014-03-23,24,1158720,7.0,0.0,1040,0,0,38.15525425598849,35.16627171974096,34.0,99.97
21106644,2014-03-23,26,1158720,13.0,0.0,1040,0,0,38.12135229607476,35.992724132471224,32.142857142857146,99.97
21108077,2014-03-23,27,1158720,9.0,0.0,1040,0,0,38.08215801303832,31.22346492471242,22.714285714285715,99.97
21109613,2014-03-23,28,1158720,41.0,0.0,1040,0,0,38.08607984366596,31.752765158928767,26.285714285714285,99.97
21110695,2014-03-23,30,1158720,11.0,0.0,1040,0,0,38.04972268951339,13.085797462825075,14.714285714285714,99.97
21112889,2014-03-23,32,1158720,16.0,0.0,1040,0,0,38.02016542049259,12.819256348685643,14.0,99.97
21115067,2014-03-23,34,1158720,87.0,0.0,1040,0,0,38.08573414148256,29.12452738222684,26.285714285714285,99.97
21116088,2014-03-23,35,1158720,30.0,0.0,1040,0,0,38.07492433648058,27.85592182916169,29.571428571428573,99.97
21117206,2014-03-23,36,1158720,53.0,0.0,1040,0,0,38.09485100625831,27.992345892608128,35.285714285714285,99.97
21140571,2014-03-23,51,1158720,6.0,0.0,1040,0,0,38.052057871583294,28.4805698177344,34.857142857142854,99.97
21169493,2014-03-24,24,1158720,2.0,0.0,1040,1,0,38.00405246829224,30.798886807341177,29.285714285714285,100.05
21171982,2014-03-24,26,1158720,5.0,0.0,1040,1,0,37.96016410064824,31.468805415612778,28.428571428571427,100.05
21173239,2014-03-24,27,1158720,20.0,0.0,1040,1,0,37.9363126210989,31.24099870362639,29.0,100.05
21174632,2014-03-24,28,1158720,276.04340368747046,0.0,1040,1,0,38.25210451906491,98.67209943143445,56.00620052678149,100.05
21175649,2014-03-24,30,1158720,4.0,0.0,1040,1,0,38.20673749321184,100.29028719676906,52.29191481249578,100.05
21177766,2014-03-24,32,1158720,3.0,0.0,1040,1,0,38.16016773462294,101.99746635755976,45.14905766963864,100.05
21179921,2014-03-24,34,1158720,90.0,0.0,1040,1,0,38.22864835848737,101.56431227853444,57.14905766963864,100.05
21180906,2014-03-24,35,1158720,47.0,0.0,1040,1,0,38.24022006249992,98.88053083318675,63.57762909821007,100.05
21182017,2014-03-24,36,1158720,28.0,0.0,1040,1,0,38.22672833646237,96.97337598539411,66.86334338392435,100.05
21232623,2014-03-25,24,1158720,7.0,0.0,1040,0,0,38.18564053601966,98.13792842293176,65.0062005267815,99.66
21236149,2014-03-25,27,1158720,9.0,0.0,1040,0,0,38.14728884017732,32.142539680971794,26.857142857142858,99.66
21237520,2014-03-25,28,1158720,22.0,0.0,1040,0,0,38.12609817240806,30.69667269079344,29.428571428571427,99.66
21238557,2014-03-25,30,1158720,24.0,0.0,1040,0,0,38.10758428227384,28.64063047989174,32.42857142857143,99.66
21240654,2014-03-25,32,1158720,19.0,0.0,1040,0,0,38.0825743552028,13.338094388058238,22.285714285714285,99.66
21242798,2014-03-25,34,1158720,31.0,0.0,1040,0,0,38.07331608807182,9.092121131323276,20.0,99.66
21243751,2014-03-25,35,1158720,29.0,0.0,1040,0,0,38.061471027904624,9.24533344321226,20.142857142857142,99.66
21244872,2014-03-25,36,1158720,40.0,0.0,1040,0,0,38.06399844507815,9.822229404579156,24.857142857142858,99.66
21266672,2014-03-25,51,1158720,3.0,0.0,1040,0,0,38.01834219710279,11.547005383792037,24.0,99.66
21295343,2014-03-26,24,1158720,14.0,0.0,1040,0,0,37.98710898228211,12.15769401693893,22.857142857142858,100.61
21299111,2014-03-26,27,1158720,8.0,0.0,1040,0,0,37.94816468490252,13.352367366340058,20.571428571428573,100.61
21300454,2014-03-26,28,1158720,12.0,0.0,1040,0,0,37.914509477788506,13.745995087747175,19.571428571428573,100.61
21301407,2014-03-26,30,1158720,6.0,0.0,1040,0,0,37.87316943960485,13.52774925846825,16.0,100.61
21303380,2014-03-26,32,1158720,9.0,0.0,1040,0,0,37.83581734459889,12.388550781918704,13.142857142857142,100.61
21305492,2014-03-26,34,1158720,107.0,0.0,1040,0,0,37.9251767537144,37.34396107232624,22.714285714285715,100.61
21306387,2014-03-26,35,1158720,56.0,0.0,1040,0,0,37.94849910629025,38.0469634605893,30.285714285714285,100.61
21307414,2014-03-26,36,1158720,37.0,0.0,1040,0,0,37.947276813627504,37.39365874430722,33.57142857142857,100.61
21329487,2014-03-26,51,1158720,4.0,0.0,1040,0,0,37.90358662467818,37.8769938969113,33.0,100.61
21357600,2014-03-27,24,1158720,7.0,0.0,1040,0,0,37.86386479097036,38.38278383908708,32.285714285714285,101.25
21361197,2014-03-27,27,1158720,7.0,0.0,1040,0,0,37.82424493886385,38.27034161879192,32.42857142857143,101.25
21362538,2014-03-27,28,1158720,17.0,0.0,1040,0,0,37.79754718894223,37.56708285568236,33.57142857142857,101.25
21363515,2014-03-27,30,1158720,7.0,0.0,1040,0,0,37.75811370982707,19.80500177324109,19.285714285714285,101.25
21365525,2014-03-27,32,1158720,110.0,0.0,1040,0,0,37.85049463858688,38.33623177448007,27.0,101.25
21367637,2014-03-27,34,1158720,154.0,0.0,1040,0,0,37.99883372589392,61.7676136437056,43.71428571428572,101.25
21368570,2014-03-27,35,1158720,66.0,0.0,1040,0,0,38.03454949920273,59.528304592177314,52.57142857142857,101.25
21369653,2014-03-27,36,1158720,43.0,0.0,1040,0,0,38.04087491385343,56.4083749269978,57.71428571428572,101.25
21391056,2014-03-27,51,1158720,5.0,0.0,1040,0,0,37.99883817732181,56.71230655056896,57.42857142857143,101.25
21419702,2014-03-28,24,1158720,7.0,0.0,1040,0,0,37.95944956464415,58.011493114152174,56.0,101.73
21423570,2014-03-28,27,1158720,9.0,0.0,1040,0,0,37.92269899413064,57.73420212697226,56.285714285714285,101.73
21424920,2014-03-28,28,1158720,14.0,0.0,1040,0,0,37.892378716571535,54.138270945352254,42.57142857142857,101.73
21425879,2014-03-28,30,1158720,12.0,0.0,1040,0,0,37.85960355363917,23.17839716714864,22.285714285714285,101.73
21427890,2014-03-28,32,1158720,30.0,0.0,1040,0,0,37.84966726596073,14.064477374204571,17.142857142857142,101.73
21430025,2014-03-28,34,1158720,49.0,0.0,1040,0,0,37.86374596890775,15.958278938114075,18.0,101.73
21430963,2014-03-28,35,1158720,32.0,0.0,1040,0,0,37.85635158559261,15.55022584432499,21.857142857142858,101.73
21432038,2014-03-28,36,1158720,42.0,0.0,1040,0,0,37.86157028636642,15.603723609324154,26.857142857142858,101.73
21454443,2014-03-28,51,1158720,1.0,0.0,1040,0,0,37.81520353128924,17.327379929986087,25.714285714285715,101.73
21485735,2014-03-29,24,1158720,14.0,0.0,1040,0,0,37.785284933888114,17.327379929986087,25.714285714285715,101.73
21488545,2014-03-29,26,1158720,28.0,0.0,1040,0,0,37.77300728654321,16.237815945091146,28.0,101.73
21489950,2014-03-29,27,1158720,13.0,0.0,1040,0,0,37.74196341776308,17.135315801555482,25.571428571428573,101.73
21491435,2014-03-29,28,1158720,32.0,0.0,1040,0,0,37.73477698044423,14.2176952120534,23.142857142857142,101.73
21492506,2014-03-29,30,1158720,200.0,0.0,1040,0,0,37.93760850921868,68.77603403179663,47.142857142857146,101.73
21494749,2014-03-29,32,1158720,22.0,0.0,1040,0,0,37.91771137000617,69.43753616432123,44.285714285714285,101.73
21497102,2014-03-29,34,1158720,9.0,0.0,1040,0,0,37.88165437328546,68.66793803723617,45.42857142857143,101.73
21498164,2014-03-29,35,1158720,29.0,0.0,1040,0,0,37.87059378253417,67.7516473178749,47.57142857142857,101.73
21499380,2014-03-29,36,1158720,28.0,0.0,1040,0,0,37.8583169245957,67.7516473178749,47.57142857142857,101.73
21523198,2014-03-29,51,1158720,3.0,0.0,1040,0,0,37.81501466754651,68.700869891214,46.142857142857146,101.73
21553754,2014-03-30,24,1158720,5.0,0.0,1040,0,0,37.77430124984484,70.36503460695579,42.285714285714285,101.73
21557715,2014-03-30,27,1158720,14.0,0.0,1040,0,0,37.7448411491635,10.73490080243327,15.714285714285714,101.73
21559264,2014-03-30,28,1158720,44.0,0.0,1040,0,0,37.75258268239473,15.181442305531386,18.857142857142858,101.73
21560375,2014-03-30,30,1158720,17.0,0.0,1040,0,0,37.72693054063652,14.60593486680401,20.0,101.73
21562604,2014-03-30,32,1158720,15.0,0.0,1040,0,0,37.69887260169746,14.118545723031136,18.0,101.73
21564890,2014-03-30,34,1158720,129.0,0.0,1040,0,0,37.81145105718242,44.64622844413292,32.42857142857143,101.73
21565915,2014-03-30,35,1158720,50.0,0.0,1040,0,0,37.82646158543712,42.98615502472295,39.142857142857146,101.73
21567084,2014-03-30,36,1158720,37.0,0.0,1040,0,0,37.825445027521454,40.37207898913248,43.71428571428572,101.73
21590723,2014-03-30,51,1158720,2.0,0.0,1040,0,0,37.78143342429354,42.06344414492617,42.0,101.73
21620673,2014-03-31,24,1158720,10.0,0.0,1040,0,0,37.747345775920174,43.72424411936144,37.142857142857146,101.57
21624598,2014-03-31,27,1158720,6.0,0.0,1040,0,0,37.70843971492027,44.75435599975013,35.57142857142857,101.57
21625997,2014-03-31,28,1158720,24.0,0.0,1040,0,0,37.69166071894118,44.190604474362125,36.85714285714285,101.57
21627047,2014-03-31,30,1158720,6.0,0.0,1040,0,0,37.65291785742658,18.33679620975494,19.285714285714285,101.57
21629218,2014-03-31,32,1158720,3.0,0.0,1040,0,0,37.61060660241141,13.062122630684296,12.571428571428571,101.57
21631499,2014-03-31,34,1158720,68.0,0.0,1040,0,0,37.647666838262126,23.6713610367744,17.0,101.57
21632526,2014-03-31,35,1158720,40.0,0.0,1040,0,0,37.65053204308762,24.012893362088544,22.428571428571427,101.57
21633670,2014-03-31,36,1158720,71.0,0.0,1040,0,0,37.69110317198898,29.248524586313405,31.142857142857142,101.57
